train_number,station_code,day_of_week,month,is_holiday,weather,scheduled_arrival_hour,delay_minutes
12009,HWH,1,7,1,Stormy,3,24
12008,NDLS,0,9,0,Rainy,12,64
12007,NDLS,4,9,0,Clear,3,14
12003,DDU,4,6,0,Foggy,1,115
12006,PNBE,0,7,0,Stormy,5,15
12001,CNB,0,8,1,Rainy,19,54
12004,LKO,2,9,0,Clear,15,21
12008,CNB,2,1,0,Foggy,1,136
12008,CNB,0,3,0,Foggy,5,124
12007,LKO,0,11,0,Clear,0,0
12002,BSB,1,12,0,Clear,21,10
12003,PNBE,1,11,0,Stormy,13,26
12002,NDLS,4,11,0,Stormy,21,13
12004,PNBE,6,10,0,Rainy,15,79
12006,LKO,3,8,0,Stormy,0,19
12005,CNB,1,7,0,Foggy,16,90
12003,BSB,2,2,0,Rainy,17,40
12001,DDU,1,12,0,Clear,3,0
12005,LKO,4,12,0,Rainy,19,44
12009,LKO,0,3,0,Foggy,15,131
12004,DDU,1,9,0,Clear,23,25
12001,DDU,6,4,0,Foggy,12,93
12003,CNB,3,9,0,Rainy,10,33
12007,BSB,0,7,0,Foggy,14,41
12003,HWH,4,11,0,Stormy,10,15
120010,HWH,0,11,0,Foggy,20,121
12003,NDLS,5,8,0,Stormy,8,21
12007,HWH,4,9,0,Clear,20,16
12008,HWH,1,11,0,Rainy,23,66
12009,NDLS,5,3,0,Foggy,7,134
12005,DDU,2,7,0,Foggy,8,85
12002,CNB,0,1,1,Rainy,19,65
12005,PNBE,2,10,0,Clear,2,28
12003,CNB,2,6,0,Stormy,6,11
12005,PNBE,1,6,0,Foggy,4,66
12003,NDLS,5,2,0,Rainy,8,56
12007,DDU,1,6,0,Rainy,18,46
12002,CNB,3,12,0,Stormy,0,0
12001,HWH,4,4,0,Foggy,2,75
12002,HWH,5,7,0,Foggy,5,51
12008,LKO,6,9,0,Rainy,19,63
120010,HWH,4,1,0,Rainy,18,31
12001,BSB,6,12,0,Rainy,23,103
120010,LKO,5,7,0,Foggy,20,110
120010,LKO,0,3,0,Clear,14,5
12005,DDU,0,11,0,Stormy,14,27
12002,LKO,1,7,0,Rainy,3,45
12009,HWH,1,9,0,Stormy,0,10
12003,HWH,3,5,0,Rainy,1,66
120010,HWH,6,4,0,Rainy,14,65
12001,NDLS,1,12,0,Clear,17,15
12008,NDLS,0,8,0,Foggy,2,69
12001,BSB,4,12,0,Rainy,2,52
12003,DDU,0,10,0,Foggy,23,82
120010,NDLS,4,5,0,Rainy,16,53
12009,BSB,3,9,0,Clear,14,0
12003,DDU,3,9,0,Foggy,10,52
12008,HWH,0,12,0,Stormy,5,31
12002,PNBE,0,1,0,Foggy,23,124
12009,HWH,0,5,0,Foggy,2,153
12001,BSB,1,7,0,Rainy,11,39
12002,BSB,1,9,0,Rainy,4,23
12009,CNB,0,2,0,Clear,9,0
12007,DDU,6,12,0,Clear,5,51
12009,NDLS,1,1,0,Stormy,15,0
12002,NDLS,4,2,0,Stormy,5,0
12003,HWH,0,1,0,Clear,14,37
12007,BSB,4,10,0,Clear,21,15
12003,PNBE,1,1,0,Foggy,0,154
12003,CNB,0,4,0,Rainy,13,55
120010,HWH,2,2,0,Foggy,9,55
12001,PNBE,0,2,0,Rainy,20,49
12003,HWH,0,12,0,Stormy,1,6
12004,HWH,2,8,0,Rainy,8,60
12001,NDLS,2,2,0,Rainy,10,52
120010,BSB,4,11,1,Rainy,21,67
12007,DDU,3,8,0,Rainy,22,33
12004,HWH,3,9,0,Stormy,15,14
12003,CNB,6,12,0,Rainy,3,71
120010,HWH,3,5,0,Clear,18,11
12006,PNBE,5,3,0,Rainy,10,81
12006,HWH,3,6,0,Foggy,12,99
12003,NDLS,6,12,0,Rainy,12,78
120010,BSB,4,1,0,Rainy,11,20
12003,CNB,5,4,0,Foggy,8,112
12008,LKO,3,2,0,Rainy,13,33
12007,PNBE,4,4,0,Stormy,19,26
12004,CNB,2,10,0,Rainy,5,30
12006,CNB,2,7,0,Clear,19,20
12004,HWH,2,8,0,Rainy,15,51
12003,LKO,2,6,0,Stormy,2,13
12008,BSB,2,2,0,Rainy,9,68
12009,CNB,2,7,0,Rainy,18,62
12007,CNB,0,10,0,Foggy,14,36
12001,HWH,6,9,0,Rainy,22,69
12001,LKO,3,4,0,Clear,10,16
12006,CNB,3,7,1,Foggy,21,127
12002,DDU,4,5,0,Stormy,13,17
12004,PNBE,5,5,0,Clear,7,46
12006,NDLS,2,10,0,Stormy,23,25
12008,NDLS,2,11,0,Rainy,20,63
12001,BSB,4,12,0,Rainy,6,36
12007,CNB,5,6,0,Foggy,2,79
12001,LKO,6,11,0,Rainy,7,65
12003,BSB,4,3,1,Stormy,14,54
12004,DDU,0,5,0,Foggy,4,94
12007,NDLS,4,10,1,Clear,14,55
12003,HWH,2,10,0,Clear,15,23
12003,LKO,6,1,0,Foggy,14,145
12003,LKO,6,10,0,Foggy,5,120
12002,LKO,2,6,0,Rainy,13,49
12005,CNB,1,10,0,Foggy,22,102
12008,DDU,2,5,1,Clear,23,17
12001,LKO,0,11,0,Rainy,10,53
12008,PNBE,5,10,1,Rainy,19,97
12006,DDU,5,11,0,Rainy,17,44
12007,PNBE,3,2,0,Clear,13,22
12007,BSB,3,3,0,Rainy,20,29
12002,HWH,0,4,0,Rainy,12,61
120010,BSB,4,12,0,Rainy,15,60
12003,HWH,2,5,0,Clear,6,14
12003,LKO,5,11,1,Clear,11,107
12007,CNB,1,8,0,Clear,22,0
12005,BSB,3,3,0,Rainy,23,40
12008,DDU,3,1,0,Clear,11,16
12006,PNBE,2,3,0,Clear,17,40
12006,PNBE,4,8,0,Clear,2,3
12005,LKO,0,10,0,Rainy,1,39
12008,PNBE,6,5,0,Rainy,19,69
12001,CNB,6,10,0,Rainy,13,33
12005,CNB,3,11,0,Foggy,14,117
12008,DDU,6,6,0,Foggy,6,143
12003,BSB,2,3,0,Stormy,2,21
12009,PNBE,3,7,0,Foggy,22,114
12007,CNB,4,11,0,Clear,0,24
12003,PNBE,6,9,0,Rainy,17,23
12007,LKO,5,3,0,Stormy,13,32
12007,BSB,5,6,0,Rainy,4,71
12009,NDLS,0,2,0,Rainy,0,30
12002,NDLS,5,4,0,Clear,6,22
12006,NDLS,2,11,0,Clear,19,12
12003,HWH,6,12,0,Clear,1,57
12007,HWH,2,12,1,Clear,2,19
12008,NDLS,0,9,0,Foggy,5,78
12001,NDLS,3,11,0,Foggy,19,127
12007,PNBE,4,1,0,Rainy,2,32
12006,DDU,4,7,0,Foggy,19,57
12001,BSB,1,5,0,Foggy,0,61
120010,BSB,3,10,0,Rainy,23,42
12002,NDLS,2,5,1,Clear,1,65
12003,NDLS,0,3,0,Rainy,2,28
12006,NDLS,2,10,0,Rainy,22,14
12006,HWH,5,11,0,Rainy,4,22
12007,LKO,6,11,0,Stormy,12,4
12009,BSB,1,12,0,Clear,10,17
120010,LKO,4,12,0,Stormy,9,0
12009,BSB,5,12,0,Rainy,2,85
12007,PNBE,4,1,0,Rainy,10,40
12004,DDU,6,1,0,Clear,9,52
120010,CNB,3,1,0,Foggy,5,43
12005,CNB,2,11,0,Rainy,5,21
12005,PNBE,3,4,0,Foggy,2,77
12001,LKO,5,4,0,Stormy,16,30
12009,BSB,2,6,0,Clear,0,34
12003,CNB,3,4,0,Rainy,5,30
12008,HWH,3,6,1,Rainy,10,75
12006,BSB,2,7,0,Rainy,16,28
12007,BSB,6,2,0,Stormy,23,37
12008,HWH,2,2,0,Foggy,19,60
12007,NDLS,1,1,0,Stormy,17,7
12009,LKO,4,5,0,Stormy,11,32
12003,HWH,4,6,0,Stormy,6,27
12009,HWH,6,10,0,Foggy,10,53
12008,LKO,2,2,0,Stormy,17,27
12002,DDU,4,1,0,Stormy,16,6
12006,PNBE,1,11,0,Clear,10,0
12009,BSB,0,3,0,Stormy,11,2
12009,CNB,1,9,0,Foggy,9,108
12008,LKO,5,10,0,Rainy,17,72
12006,HWH,0,6,0,Foggy,19,57
12008,LKO,5,3,1,Foggy,18,108
12006,CNB,6,9,0,Clear,11,45
12005,CNB,3,8,0,Clear,14,22
12008,PNBE,1,8,0,Foggy,16,129
12003,PNBE,5,2,0,Clear,12,31
12002,CNB,2,8,0,Rainy,15,35
12005,PNBE,5,8,0,Clear,14,43
12007,NDLS,0,2,0,Clear,12,16
12005,DDU,5,7,0,Clear,1,49
12004,PNBE,0,9,0,Foggy,21,101
12006,PNBE,2,10,0,Rainy,15,28
12002,PNBE,6,4,0,Stormy,4,41
12003,PNBE,6,9,0,Rainy,16,86
12006,NDLS,3,12,0,Clear,17,10
12003,PNBE,5,5,0,Stormy,22,47
12009,CNB,4,8,0,Rainy,2,63
12003,NDLS,5,7,0,Rainy,22,44
12008,HWH,2,11,0,Rainy,7,34
120010,NDLS,5,10,0,Clear,0,65
12008,HWH,1,1,0,Foggy,11,122
12003,LKO,1,3,0,Foggy,6,62
12001,PNBE,2,11,0,Rainy,14,40
12002,NDLS,4,5,0,Foggy,12,66
12009,PNBE,1,6,0,Foggy,20,118
12005,LKO,4,4,0,Clear,12,9
12003,CNB,2,8,0,Stormy,12,16
12005,PNBE,0,3,1,Foggy,13,154
12007,CNB,1,2,0,Foggy,11,40
12007,NDLS,0,6,0,Clear,0,2
12002,HWH,5,12,0,Clear,21,16
120010,PNBE,2,7,0,Rainy,12,20
12005,LKO,4,9,0,Foggy,6,79
12001,BSB,6,5,1,Clear,5,79
120010,NDLS,3,9,0,Foggy,11,47
12007,CNB,1,7,0,Clear,15,40
12001,PNBE,2,6,1,Clear,0,43
12004,DDU,5,6,1,Foggy,16,110
12005,CNB,6,9,1,Rainy,20,105
12002,HWH,3,3,0,Stormy,13,26
12008,DDU,0,7,0,Rainy,9,30
120010,NDLS,6,7,0,Rainy,23,19
12006,DDU,1,10,1,Rainy,20,89
12002,LKO,4,7,0,Foggy,4,82
12002,NDLS,4,8,0,Foggy,8,64
12001,PNBE,5,9,0,Rainy,5,45
12003,PNBE,5,5,0,Clear,19,33
12008,LKO,6,1,0,Rainy,10,91
12002,DDU,0,11,1,Clear,18,61
120010,DDU,1,11,0,Stormy,3,10
12008,CNB,6,3,0,Stormy,9,10
12008,PNBE,3,4,0,Stormy,15,18
120010,LKO,6,2,0,Stormy,18,34
12001,BSB,4,8,0,Foggy,10,93
12007,CNB,3,4,0,Clear,6,28
12005,PNBE,6,12,0,Foggy,20,79
12009,LKO,2,3,0,Rainy,17,19
12001,HWH,4,10,0,Rainy,13,59
12004,DDU,5,12,0,Foggy,0,105
12001,PNBE,6,12,0,Clear,12,26
12006,NDLS,5,1,0,Clear,13,30
12006,PNBE,1,7,0,Rainy,23,27
12002,PNBE,1,5,1,Rainy,18,81
12001,NDLS,3,6,0,Rainy,21,24
12007,NDLS,1,11,0,Clear,3,30
12003,NDLS,2,2,0,Rainy,19,41
12003,BSB,5,9,0,Stormy,3,42
12007,NDLS,3,1,0,Clear,11,0
12001,HWH,4,9,0,Rainy,19,35
12008,BSB,1,3,0,Foggy,20,39
12005,PNBE,3,1,0,Clear,16,30
120010,PNBE,1,9,1,Stormy,5,52
12004,DDU,6,10,0,Stormy,16,51
120010,HWH,1,10,0,Clear,6,12
12001,PNBE,6,9,0,Rainy,23,70
12002,BSB,1,8,0,Stormy,17,12
12001,BSB,4,8,0,Clear,1,14
12009,BSB,3,4,0,Stormy,0,7
12006,DDU,2,10,0,Foggy,16,94
12006,HWH,3,9,0,Rainy,7,50
120010,BSB,4,5,0,Stormy,20,9
120010,BSB,5,2,0,Stormy,2,25
12009,LKO,3,5,1,Clear,10,82
12008,NDLS,5,1,0,Clear,3,35
12003,NDLS,0,7,0,Stormy,20,29
12006,HWH,2,8,0,Clear,5,33
12002,PNBE,5,9,0,Clear,9,41
12008,BSB,4,9,0,Clear,20,10
12004,NDLS,4,4,0,Rainy,21,53
12005,HWH,1,12,0,Clear,22,26
12009,BSB,5,3,0,Stormy,13,40
12001,PNBE,6,1,0,Rainy,17,65
12007,BSB,6,10,0,Foggy,18,53
12008,LKO,0,5,0,Rainy,3,54
12009,PNBE,5,3,0,Clear,14,20
12004,LKO,4,12,0,Stormy,23,20
12007,BSB,2,1,0,Foggy,4,63
12006,DDU,3,6,0,Foggy,7,99
12007,NDLS,6,12,0,Foggy,6,91
12008,PNBE,0,9,0,Foggy,6,110
12009,CNB,5,2,0,Clear,12,18
120010,NDLS,5,7,0,Foggy,6,61
12003,HWH,5,8,0,Foggy,2,142
12007,LKO,3,6,1,Foggy,9,163
12005,HWH,0,1,0,Clear,7,1
12005,HWH,2,7,0,Rainy,20,44
12007,CNB,3,12,0,Foggy,2,110
12005,DDU,3,12,0,Stormy,6,0
12004,LKO,4,2,0,Rainy,7,61
120010,CNB,0,1,0,Foggy,2,97
12003,NDLS,4,10,0,Stormy,5,15
12004,CNB,2,2,0,Stormy,16,32
12004,CNB,1,5,0,Foggy,14,85
12004,DDU,5,6,0,Rainy,3,72
12007,CNB,4,4,0,Foggy,15,113
120010,PNBE,2,12,0,Rainy,9,49
12009,BSB,6,6,0,Stormy,13,13
12003,NDLS,3,7,0,Clear,1,0
12004,LKO,1,9,0,Foggy,13,80
12005,NDLS,4,5,0,Stormy,12,13
12009,NDLS,2,10,0,Foggy,10,59
120010,CNB,1,9,0,Rainy,16,77
12006,DDU,1,8,0,Stormy,17,6
12008,CNB,1,5,0,Foggy,0,76
120010,CNB,1,12,0,Foggy,14,47
12003,NDLS,2,2,0,Foggy,12,82
12001,CNB,3,4,0,Clear,19,36
12009,NDLS,6,9,0,Clear,0,42
12001,PNBE,5,9,0,Clear,0,20
12002,PNBE,0,5,1,Foggy,10,115
12003,NDLS,2,12,0,Foggy,16,124
120010,CNB,6,2,0,Rainy,5,72
12004,PNBE,6,2,0,Rainy,20,48
12001,LKO,6,6,0,Rainy,8,59
12003,LKO,6,1,0,Foggy,17,142
12007,NDLS,0,4,0,Clear,5,25
12007,DDU,1,10,0,Foggy,19,61
12002,PNBE,6,9,0,Rainy,20,75
12001,LKO,3,5,0,Clear,13,18
12006,NDLS,1,4,0,Clear,14,18
120010,CNB,0,6,0,Stormy,16,35
120010,DDU,5,3,0,Clear,10,36
12009,PNBE,6,3,0,Clear,14,45
12004,LKO,1,8,0,Rainy,9,38
12007,CNB,3,6,0,Clear,0,22
12009,LKO,3,4,0,Foggy,19,143
12002,PNBE,5,8,0,Foggy,12,66
12002,PNBE,4,5,0,Clear,6,15
12009,PNBE,2,2,0,Rainy,5,50
12003,NDLS,6,7,0,Foggy,11,163
12009,BSB,5,12,0,Rainy,19,47
120010,PNBE,6,11,0,Foggy,12,83
12009,CNB,4,6,0,Clear,20,0
12006,DDU,0,1,0,Clear,8,0
12007,HWH,2,3,0,Foggy,15,96
12009,CNB,1,7,0,Foggy,11,100
12006,DDU,5,8,0,Foggy,22,145
12007,BSB,4,5,0,Clear,14,4
12008,NDLS,3,3,1,Rainy,19,108
12009,CNB,6,7,0,Foggy,7,136
12007,LKO,3,7,0,Rainy,6,49
12009,BSB,1,3,0,Clear,16,25
12004,PNBE,0,12,0,Stormy,4,40
120010,BSB,0,6,0,Foggy,0,79
120010,HWH,6,4,0,Rainy,11,76
12007,PNBE,4,3,0,Stormy,23,23
12005,PNBE,3,4,1,Stormy,12,16
12008,NDLS,1,1,0,Rainy,20,24
120010,LKO,5,6,0,Clear,14,30
12006,NDLS,0,4,0,Foggy,20,127
12006,LKO,1,1,0,Foggy,10,133
12006,PNBE,6,9,0,Stormy,9,49
12001,CNB,5,8,0,Foggy,17,141
12002,HWH,0,1,0,Foggy,19,86
12003,NDLS,2,5,0,Foggy,15,99
12007,DDU,0,1,0,Clear,20,9
12007,NDLS,0,7,0,Clear,11,12
12002,PNBE,6,2,0,Clear,18,31
12006,HWH,1,1,0,Stormy,22,34
12002,LKO,4,11,0,Rainy,17,25
12006,NDLS,1,12,0,Stormy,2,25
12003,NDLS,1,1,0,Stormy,9,10
12006,NDLS,0,10,0,Stormy,4,18
12009,HWH,3,7,0,Rainy,8,51
12004,NDLS,0,9,0,Foggy,16,112
12003,NDLS,6,1,0,Clear,4,40
12001,DDU,5,6,0,Rainy,3,83
12009,CNB,1,1,0,Stormy,15,16
12006,PNBE,0,3,0,Rainy,15,33
120010,DDU,4,3,0,Foggy,9,77
12008,NDLS,3,5,0,Clear,4,23
12009,DDU,0,12,0,Clear,3,15
120010,PNBE,3,12,0,Clear,5,0
12005,PNBE,3,7,0,Rainy,11,61
12002,NDLS,2,12,0,Foggy,8,133
12004,NDLS,3,12,0,Clear,21,21
12008,NDLS,6,6,1,Stormy,8,65
12004,LKO,4,4,0,Clear,2,38
12009,LKO,5,12,1,Stormy,10,93
12002,PNBE,1,8,1,Rainy,5,76
12007,HWH,0,10,0,Rainy,2,37
120010,PNBE,5,4,0,Foggy,9,77
12002,HWH,6,11,0,Rainy,2,61
120010,BSB,6,11,0,Clear,4,63
12004,DDU,3,11,0,Rainy,12,35
12001,BSB,4,6,0,Rainy,15,55
120010,NDLS,6,1,0,Foggy,18,143
12006,NDLS,2,8,0,Foggy,11,45
12003,LKO,2,3,1,Foggy,23,146
12004,HWH,2,11,0,Stormy,13,0
12005,NDLS,2,5,0,Clear,2,4
12006,BSB,1,11,0,Rainy,6,31
12003,BSB,2,2,0,Clear,21,19
12006,DDU,0,2,0,Clear,13,17
12002,HWH,3,4,0,Foggy,5,71
12004,DDU,0,6,0,Clear,7,3
12004,CNB,3,10,0,Stormy,9,17
12003,CNB,5,6,0,Stormy,4,58
120010,BSB,5,9,0,Clear,2,38
12009,LKO,3,9,0,Clear,1,27
12009,BSB,6,10,0,Stormy,0,56
12002,NDLS,0,11,0,Foggy,0,65
12009,PNBE,0,10,0,Foggy,7,87
12004,BSB,1,9,1,Rainy,14,74
12005,DDU,4,5,0,Foggy,12,89
12002,BSB,0,1,0,Foggy,16,105
12004,CNB,5,2,0,Stormy,19,28
12001,DDU,1,7,0,Stormy,18,25
120010,DDU,1,5,0,Clear,6,24
12007,BSB,5,8,0,Stormy,16,24
12009,DDU,5,1,0,Stormy,17,32
12009,LKO,3,8,0,Foggy,21,79
12009,CNB,1,3,0,Clear,12,7
12009,CNB,5,4,0,Stormy,18,22
12001,PNBE,6,8,0,Foggy,1,55
12001,NDLS,2,10,0,Rainy,0,16
120010,DDU,4,4,0,Clear,13,26
12005,DDU,1,9,0,Foggy,3,108
120010,BSB,3,3,0,Clear,8,13
12007,NDLS,3,5,0,Stormy,4,27
12008,CNB,3,9,0,Stormy,5,4
120010,NDLS,4,12,0,Clear,14,2
12009,NDLS,1,6,0,Stormy,17,22
12001,CNB,4,5,0,Clear,22,15
12009,HWH,1,5,0,Rainy,5,18
12007,BSB,6,12,0,Stormy,19,37
120010,BSB,1,12,0,Clear,15,15
12003,CNB,1,2,0,Rainy,11,50
12003,BSB,0,3,0,Clear,0,0
12009,BSB,4,5,1,Rainy,17,53
12009,LKO,1,11,0,Foggy,0,89
12005,PNBE,3,9,0,Stormy,4,24
12004,CNB,3,5,0,Rainy,23,45
12008,HWH,0,7,0,Foggy,2,99
12004,PNBE,0,5,0,Stormy,2,39
12003,LKO,4,8,0,Foggy,18,64
12003,DDU,2,8,0,Stormy,13,16
12006,HWH,4,3,1,Foggy,11,154
12002,PNBE,3,1,0,Foggy,18,32
12006,CNB,5,6,0,Stormy,0,33
12002,PNBE,0,3,0,Rainy,8,49
120010,CNB,5,6,0,Rainy,15,85
12001,PNBE,3,3,0,Clear,7,6
12001,CNB,2,5,1,Rainy,8,86
12002,LKO,5,3,0,Rainy,10,57
12002,NDLS,0,12,0,Rainy,0,38
12005,CNB,3,1,0,Rainy,18,46
12002,NDLS,3,1,0,Rainy,18,50
12001,HWH,1,2,0,Rainy,4,35
12007,LKO,0,10,0,Stormy,15,21
12004,BSB,2,11,0,Stormy,19,23
12004,PNBE,4,10,0,Clear,6,16
12008,PNBE,3,5,1,Foggy,2,108
12006,BSB,1,5,0,Stormy,12,20
12009,DDU,0,5,0,Foggy,22,94
12009,LKO,6,10,0,Rainy,22,38
12007,DDU,4,1,0,Rainy,1,39
120010,HWH,5,11,0,Foggy,0,142
12004,DDU,4,6,0,Foggy,5,41
12008,PNBE,5,11,0,Stormy,23,32
12009,PNBE,3,11,0,Clear,0,29
12006,CNB,2,2,0,Foggy,13,74
12005,CNB,5,10,0,Stormy,4,40
12002,DDU,2,11,1,Foggy,6,95
12009,DDU,1,1,0,Foggy,12,53
12003,HWH,2,11,0,Rainy,18,64
12005,PNBE,5,2,0,Clear,7,42
12002,PNBE,5,5,1,Foggy,0,103
12006,BSB,4,6,0,Rainy,0,34
120010,HWH,1,10,0,Clear,12,2
12008,HWH,5,9,0,Rainy,6,61
12005,HWH,6,1,0,Clear,10,35
12006,LKO,1,4,0,Foggy,0,96
12002,CNB,1,1,0,Stormy,9,12
12009,PNBE,4,2,0,Stormy,4,28
12004,LKO,1,6,0,Clear,5,7
12002,DDU,6,8,0,Clear,20,49
12002,LKO,3,8,0,Foggy,23,65
12007,BSB,6,2,0,Stormy,0,50
12004,CNB,1,2,0,Foggy,17,119
12003,BSB,6,8,0,Stormy,16,30
12002,NDLS,4,12,0,Rainy,5,8
12002,CNB,3,5,0,Rainy,15,31
120010,CNB,6,9,0,Clear,12,27
12005,BSB,0,10,0,Stormy,12,22
120010,HWH,2,12,0,Rainy,2,26
12006,BSB,6,2,0,Stormy,22,20
12008,BSB,3,6,0,Foggy,16,112
120010,CNB,0,12,0,Foggy,14,47
12004,DDU,0,4,0,Stormy,14,24
12005,CNB,5,9,0,Rainy,19,74
120010,PNBE,1,8,0,Stormy,15,24
120010,NDLS,4,1,0,Foggy,6,87
12004,DDU,0,3,1,Clear,17,18
120010,BSB,4,3,1,Stormy,10,96
12007,PNBE,2,9,0,Rainy,11,39
12008,HWH,0,12,0,Clear,3,6
12008,HWH,5,8,0,Stormy,3,26
12004,BSB,2,1,0,Stormy,2,8
12004,NDLS,0,10,0,Rainy,22,15
12002,PNBE,0,9,0,Rainy,17,26
120010,PNBE,0,11,0,Rainy,12,13
12008,CNB,3,10,0,Stormy,2,24
120010,DDU,5,4,0,Foggy,21,105
12004,BSB,4,1,0,Foggy,2,56
12008,BSB,3,3,1,Foggy,21,85
12001,HWH,3,5,0,Foggy,9,59
12002,CNB,5,1,0,Rainy,8,89
12009,BSB,2,7,0,Rainy,23,54
120010,BSB,1,11,0,Foggy,19,69
12007,NDLS,5,6,0,Clear,9,32
12009,LKO,1,9,0,Clear,14,6
12001,LKO,1,11,0,Clear,10,21
12006,NDLS,1,4,0,Foggy,21,125
12006,CNB,5,3,0,Rainy,7,24
12005,PNBE,4,9,0,Foggy,3,72
12003,PNBE,3,4,0,Clear,21,0
12006,BSB,6,3,0,Stormy,22,30
12001,DDU,0,1,1,Rainy,4,85
12007,CNB,1,1,0,Rainy,15,60
12009,DDU,0,2,0,Foggy,18,99
12008,BSB,4,11,0,Clear,22,7
12005,PNBE,1,11,0,Stormy,2,0
120010,PNBE,5,5,0,Foggy,3,129
12008,PNBE,4,10,1,Foggy,8,152
120010,DDU,1,8,0,Clear,2,26
12005,CNB,0,6,0,Rainy,14,66
12001,CNB,5,1,0,Rainy,23,56
12009,CNB,5,7,0,Rainy,14,49
12009,LKO,3,12,0,Rainy,17,26
12007,CNB,3,1,0,Rainy,14,23
12008,HWH,0,12,0,Rainy,13,63
12002,DDU,3,8,0,Foggy,13,46
12004,HWH,5,5,0,Foggy,7,70
12006,HWH,1,4,0,Rainy,23,31
12006,LKO,2,1,0,Rainy,22,46
12005,BSB,1,12,0,Rainy,21,54
12005,HWH,4,1,0,Rainy,4,32
12006,DDU,1,11,0,Foggy,12,92
12007,LKO,6,3,0,Clear,8,39
12005,DDU,6,10,0,Rainy,16,72
12001,LKO,5,10,0,Stormy,13,40
12008,LKO,1,6,0,Foggy,17,121
12004,CNB,2,8,0,Stormy,19,22
12006,HWH,0,2,1,Clear,6,91
12005,HWH,1,7,0,Rainy,6,9
120010,DDU,0,9,1,Clear,6,88
12008,LKO,1,1,0,Clear,16,5
12008,PNBE,1,5,0,Clear,10,18
12001,DDU,5,12,0,Rainy,5,92
12009,HWH,4,4,0,Stormy,18,24
12002,BSB,1,11,0,Stormy,11,28
12005,NDLS,4,2,0,Stormy,3,0
12001,DDU,2,1,0,Rainy,17,50
12008,DDU,0,11,0,Rainy,4,74
120010,PNBE,5,6,0,Rainy,2,66
12009,HWH,4,3,0,Stormy,21,20
12004,NDLS,0,2,0,Rainy,18,62
12002,HWH,0,11,0,Rainy,18,35
12001,BSB,4,3,0,Clear,15,16
12007,CNB,4,10,0,Clear,2,24
12007,NDLS,2,12,0,Stormy,12,17
12001,PNBE,0,5,0,Foggy,13,82
12009,NDLS,0,11,0,Clear,1,28
12009,DDU,1,4,0,Stormy,21,33
12001,HWH,5,9,0,Rainy,8,93
12004,PNBE,4,11,0,Clear,23,5
120010,HWH,6,1,0,Foggy,17,124
12006,LKO,2,8,0,Stormy,0,1
120010,DDU,0,1,0,Foggy,13,102
120010,HWH,1,2,1,Rainy,5,54
12004,PNBE,1,5,0,Stormy,7,16
120010,NDLS,1,10,0,Foggy,15,88
12006,NDLS,5,4,0,Foggy,6,133
120010,HWH,3,8,0,Rainy,14,49
12007,NDLS,0,12,0,Foggy,22,33
12001,NDLS,3,8,0,Stormy,22,19
12003,PNBE,1,2,0,Rainy,12,45
12006,CNB,2,3,0,Foggy,3,39
12001,PNBE,0,4,0,Rainy,12,62
12005,LKO,2,2,0,Rainy,16,54
120010,BSB,5,5,0,Clear,4,24
12008,BSB,0,4,0,Foggy,20,96
12008,BSB,3,11,0,Clear,23,7
12003,DDU,4,5,0,Clear,12,21
12009,CNB,6,4,0,Foggy,0,137
12006,BSB,2,1,0,Foggy,14,57
12009,LKO,3,7,0,Clear,11,30
120010,DDU,4,5,0,Rainy,11,24
12001,HWH,0,3,0,Rainy,20,50
12009,NDLS,0,9,0,Stormy,0,8
12005,NDLS,5,12,0,Foggy,12,80
12001,PNBE,6,7,0,Foggy,8,105
12001,NDLS,6,5,0,Clear,20,19
12009,BSB,0,5,0,Stormy,11,8
12001,BSB,6,9,0,Foggy,21,86
12007,CNB,0,1,0,Stormy,11,28
12002,DDU,1,9,0,Foggy,15,63
12005,BSB,2,5,0,Rainy,16,27
12009,DDU,3,11,0,Rainy,10,41
12002,PNBE,4,6,0,Clear,15,23
12008,BSB,5,6,0,Clear,3,36
12001,PNBE,0,1,1,Foggy,19,111
12006,BSB,4,2,0,Foggy,3,127
12003,PNBE,0,5,0,Clear,18,23
12004,NDLS,1,6,0,Rainy,10,35
12007,DDU,3,5,0,Clear,3,4
12004,CNB,1,7,1,Foggy,13,185
12001,LKO,6,12,0,Clear,17,32
12009,PNBE,2,8,0,Clear,0,31
12004,PNBE,3,8,0,Stormy,8,9
12002,HWH,2,7,0,Foggy,14,95
12005,NDLS,4,9,0,Rainy,12,58
12009,DDU,3,11,1,Clear,21,39
12001,DDU,4,11,0,Stormy,4,2
120010,BSB,0,4,0,Stormy,0,0
12006,CNB,4,9,1,Rainy,11,68
12007,DDU,1,9,0,Clear,19,0
12001,NDLS,0,4,0,Stormy,16,5
12005,DDU,3,8,0,Clear,22,32
12008,DDU,5,3,1,Stormy,5,65
120010,NDLS,6,6,0,Rainy,2,43
120010,NDLS,6,9,0,Rainy,22,40
12009,NDLS,6,12,0,Stormy,7,23
12001,CNB,3,6,0,Stormy,10,24
12007,PNBE,5,8,0,Rainy,14,49
12006,DDU,3,2,0,Foggy,0,48
12001,LKO,1,7,0,Rainy,14,55
12007,HWH,5,7,0,Foggy,20,97
12009,PNBE,3,2,0,Stormy,17,10
12004,CNB,2,9,0,Clear,22,0
12008,PNBE,1,12,0,Rainy,3,29
12008,BSB,3,2,0,Foggy,18,112
12005,LKO,1,1,0,Foggy,12,88
12007,CNB,0,1,0,Rainy,23,56
12001,HWH,2,8,0,Foggy,20,65
12005,BSB,4,4,0,Foggy,13,81
12008,HWH,1,12,0,Clear,13,7
12009,NDLS,3,9,0,Rainy,9,56
12008,DDU,0,4,0,Stormy,8,24
12003,PNBE,2,12,0,Clear,5,0
12005,BSB,6,4,0,Rainy,22,42
12005,BSB,0,7,0,Stormy,3,0
120010,HWH,2,4,0,Rainy,20,26
12006,LKO,6,12,0,Rainy,0,62
12009,DDU,3,2,0,Clear,22,38
12002,DDU,1,2,0,Foggy,11,131
12004,CNB,0,1,0,Foggy,23,71
12002,BSB,6,7,0,Stormy,21,4
12009,NDLS,4,11,1,Clear,12,61
120010,HWH,3,5,1,Rainy,19,74
12008,BSB,0,10,1,Stormy,2,27
12006,LKO,3,9,0,Foggy,6,18
12002,DDU,3,6,0,Stormy,12,0
12004,PNBE,4,3,0,Foggy,8,76
12005,CNB,6,10,0,Clear,3,34
12001,PNBE,1,10,0,Rainy,13,26
12005,HWH,0,5,0,Clear,13,29
120010,BSB,2,5,0,Clear,6,15
12005,DDU,1,7,0,Clear,21,23
12008,LKO,4,4,0,Stormy,6,12
12003,PNBE,0,10,0,Rainy,21,26
12007,LKO,3,8,0,Rainy,3,14
12008,PNBE,4,5,0,Foggy,4,89
12008,NDLS,2,5,0,Stormy,14,17
12003,PNBE,6,4,0,Clear,9,31
12008,LKO,3,10,0,Clear,13,29
120010,NDLS,3,7,1,Stormy,15,60
12002,HWH,4,6,0,Clear,2,23
12006,CNB,2,10,0,Clear,7,39
12001,CNB,5,5,0,Foggy,22,69
12007,HWH,5,2,0,Rainy,2,65
12005,DDU,0,6,0,Foggy,22,114
12006,NDLS,2,6,0,Stormy,13,22
12006,LKO,2,7,1,Stormy,17,84
12009,CNB,4,1,0,Rainy,16,57
12005,CNB,4,9,0,Foggy,13,75
12005,DDU,5,3,0,Rainy,21,72
12008,NDLS,6,5,0,Clear,10,44
12008,CNB,0,12,0,Stormy,19,16
12008,DDU,1,2,0,Clear,20,27
12001,CNB,1,4,0,Clear,23,6
12005,LKO,5,11,0,Stormy,18,33
12004,LKO,2,12,0,Foggy,22,130
12001,BSB,5,9,0,Rainy,16,63
12008,NDLS,4,6,0,Foggy,0,107
12001,DDU,5,3,0,Rainy,6,25
12003,CNB,1,6,0,Foggy,12,113
12009,HWH,6,6,0,Clear,16,45
12007,LKO,5,12,0,Clear,0,26
12007,HWH,2,9,0,Rainy,4,49
12007,BSB,3,3,0,Clear,8,38
12005,BSB,6,12,0,Foggy,1,143
12001,HWH,3,6,1,Foggy,14,109
12001,BSB,4,8,0,Foggy,5,110
12009,CNB,1,8,0,Stormy,21,13
12003,DDU,5,4,0,Foggy,7,84
12004,DDU,5,3,0,Clear,4,36
12007,PNBE,5,9,0,Clear,1,9
12004,HWH,0,12,0,Rainy,15,38
12002,HWH,5,10,0,Foggy,18,151
12001,DDU,6,3,0,Stormy,18,29
120010,NDLS,0,1,0,Clear,10,0
12003,LKO,6,4,0,Foggy,1,164
12006,HWH,3,4,0,Foggy,14,68
12002,NDLS,0,9,0,Clear,8,9
12001,LKO,2,10,0,Rainy,7,40
12002,CNB,3,2,1,Clear,15,52
12004,LKO,5,11,0,Foggy,4,113
12004,PNBE,2,4,0,Foggy,11,115
12002,BSB,5,5,0,Stormy,15,1
12003,CNB,5,4,0,Clear,13,33
120010,CNB,5,12,0,Stormy,8,61
12008,BSB,2,12,0,Clear,12,23
12003,CNB,2,4,0,Clear,20,11
12002,BSB,3,3,0,Rainy,1,57
12008,NDLS,1,8,0,Clear,14,27
12003,BSB,2,8,0,Clear,20,8
120010,LKO,6,3,1,Foggy,8,202
12005,HWH,0,1,0,Rainy,8,37
12007,HWH,2,7,0,Foggy,21,104
12002,LKO,5,6,0,Rainy,18,61
12003,CNB,2,10,0,Rainy,12,53
12005,LKO,2,9,0,Foggy,2,70
12009,LKO,6,6,0,Clear,9,33
12004,DDU,4,8,0,Clear,10,18
12006,NDLS,5,9,0,Rainy,20,89
12006,BSB,1,7,1,Clear,17,59
12006,DDU,4,1,0,Rainy,13,48
12003,CNB,3,7,0,Clear,18,15
12008,HWH,3,11,1,Clear,20,58
12009,NDLS,0,2,0,Foggy,15,123
12004,DDU,5,3,0,Stormy,21,31
12001,PNBE,1,7,0,Rainy,18,26
120010,DDU,6,9,0,Foggy,8,56
12006,NDLS,0,11,0,Clear,9,23
12003,CNB,4,11,0,Clear,2,15
12007,PNBE,1,7,0,Stormy,7,31
12008,BSB,6,2,0,Clear,4,23
12007,HWH,6,2,0,Stormy,15,41
120010,LKO,1,3,0,Clear,16,0
12009,LKO,1,7,0,Rainy,12,22
12004,PNBE,0,5,0,Rainy,18,21
12002,CNB,3,12,0,Foggy,11,65
12004,DDU,2,9,0,Foggy,9,106
12002,HWH,1,3,0,Foggy,12,64
12008,HWH,2,9,0,Foggy,21,83
120010,CNB,2,9,0,Foggy,22,74
12009,BSB,6,2,0,Clear,22,25
12006,NDLS,2,6,0,Rainy,12,44
12007,PNBE,4,4,0,Rainy,16,61
12001,HWH,6,11,0,Rainy,19,80
12004,LKO,5,8,0,Rainy,5,91
12004,CNB,1,3,0,Foggy,17,67
12004,BSB,2,11,0,Rainy,13,15
12002,BSB,0,1,0,Rainy,15,52
12008,DDU,2,6,0,Foggy,19,104
12001,LKO,1,3,0,Foggy,9,124
12006,PNBE,2,9,1,Foggy,0,144
12003,HWH,1,11,0,Clear,9,22
12005,CNB,5,10,0,Foggy,11,76
12008,LKO,5,2,0,Rainy,23,36
12007,DDU,2,4,0,Clear,3,39
12008,BSB,4,3,0,Stormy,15,25
12007,PNBE,0,11,0,Rainy,20,57
12009,PNBE,1,7,0,Clear,18,2
12005,PNBE,6,6,0,Rainy,22,77
12003,CNB,3,11,0,Clear,18,14
12002,HWH,5,10,1,Rainy,15,98
12004,CNB,5,6,0,Rainy,17,44
12005,BSB,0,5,0,Rainy,16,23
12008,PNBE,6,12,0,Foggy,23,65
12006,NDLS,1,1,0,Foggy,4,113
120010,CNB,4,8,0,Rainy,18,22
12008,BSB,3,6,0,Clear,23,6
12009,PNBE,5,7,0,Stormy,10,43
12008,NDLS,6,7,0,Rainy,19,41
12005,NDLS,5,3,0,Foggy,13,77
12008,HWH,0,12,0,Clear,3,28
12008,CNB,1,4,0,Foggy,16,42
12001,NDLS,2,1,0,Stormy,13,21
12003,CNB,4,1,0,Stormy,23,10
12008,NDLS,0,4,0,Stormy,9,16
12006,HWH,4,1,0,Rainy,14,30
12006,BSB,2,1,0,Stormy,12,33
12009,CNB,6,10,0,Rainy,6,62
12007,CNB,6,8,0,Foggy,15,93
12006,DDU,1,4,1,Foggy,3,111
12001,HWH,0,6,0,Foggy,22,119
12007,BSB,2,5,0,Foggy,12,77
120010,CNB,1,3,0,Foggy,15,75
12002,HWH,2,8,0,Clear,0,21
12004,LKO,3,9,0,Rainy,21,43
12008,CNB,3,11,0,Stormy,13,0
12009,PNBE,5,1,0,Rainy,6,58
12001,CNB,2,10,0,Stormy,19,19
12009,BSB,3,8,0,Foggy,5,115
120010,BSB,2,1,0,Clear,4,16
12007,BSB,6,8,1,Rainy,11,104
12008,BSB,3,2,0,Stormy,4,3
12002,DDU,3,4,0,Rainy,3,39
12003,LKO,2,5,0,Stormy,10,28
12008,PNBE,4,10,0,Rainy,23,22
12005,HWH,5,10,0,Rainy,3,70
12002,LKO,4,2,1,Rainy,16,73
12007,PNBE,0,4,0,Clear,22,3
12003,BSB,1,7,0,Foggy,19,44
12009,CNB,6,2,1,Stormy,0,86
12003,NDLS,1,7,1,Stormy,14,25
12005,CNB,6,8,0,Stormy,20,37
12001,PNBE,2,1,0,Foggy,11,89
12007,PNBE,1,6,0,Foggy,5,87
12003,CNB,0,9,0,Stormy,6,14
12003,BSB,6,3,1,Foggy,21,180
120010,BSB,2,3,0,Foggy,11,68
120010,CNB,3,4,0,Rainy,19,53
12003,BSB,6,6,1,Rainy,12,95
12003,CNB,4,7,0,Clear,6,13
12001,PNBE,4,2,0,Rainy,13,50
12004,NDLS,4,5,0,Foggy,8,73
12004,DDU,1,10,0,Rainy,18,33
12008,DDU,6,1,0,Stormy,17,37
12003,PNBE,3,2,0,Rainy,20,30
12008,PNBE,3,7,0,Rainy,22,36
12004,LKO,4,5,0,Stormy,16,2
12001,BSB,2,5,0,Rainy,22,17
12007,DDU,1,1,0,Foggy,15,78
12007,DDU,4,4,0,Clear,8,0
12008,DDU,5,10,0,Stormy,21,32
120010,LKO,3,8,0,Foggy,4,53
12006,PNBE,0,4,0,Clear,10,15
12009,HWH,3,4,0,Foggy,4,97
12007,PNBE,1,4,0,Stormy,18,31
120010,LKO,6,3,0,Stormy,1,32
12004,BSB,0,11,0,Foggy,20,45
120010,LKO,5,1,0,Foggy,12,107
12002,LKO,5,8,0,Foggy,11,150
120010,LKO,4,10,0,Foggy,18,67
12001,LKO,3,7,0,Clear,3,21
120010,DDU,0,8,0,Stormy,9,10
12005,HWH,0,4,0,Stormy,7,29
12008,PNBE,4,3,0,Clear,21,29
12004,PNBE,4,2,0,Rainy,3,27
12005,PNBE,3,3,0,Clear,14,0
12007,HWH,0,9,0,Stormy,0,25
12009,NDLS,5,4,0,Foggy,0,96
12006,DDU,4,12,0,Foggy,17,86
12004,DDU,5,8,0,Rainy,9,48
12004,CNB,0,12,1,Rainy,4,126
12001,LKO,4,5,0,Foggy,1,43
12002,DDU,4,12,0,Stormy,13,31
120010,HWH,6,12,0,Clear,21,30
12005,BSB,6,12,0,Stormy,19,48
12002,LKO,0,9,0,Stormy,12,17
12006,HWH,2,8,0,Clear,7,17
12004,DDU,1,8,0,Foggy,14,107
12004,PNBE,2,11,0,Foggy,18,78
12008,HWH,0,9,0,Rainy,21,52
12009,CNB,0,8,0,Foggy,14,37
12004,HWH,2,2,1,Rainy,18,66
12002,NDLS,2,1,0,Rainy,17,42
12008,PNBE,5,5,0,Clear,11,40
12005,HWH,1,12,1,Stormy,17,52
12006,LKO,4,6,0,Foggy,4,127
12004,BSB,4,2,0,Rainy,2,25
12004,BSB,0,4,0,Clear,7,35
12004,HWH,4,6,0,Foggy,13,89
12005,CNB,2,3,0,Clear,3,0
12006,LKO,5,1,0,Foggy,20,86
12008,LKO,6,8,0,Rainy,21,44
12003,CNB,4,12,0,Stormy,9,38
120010,LKO,0,2,0,Clear,16,11
12005,BSB,1,7,0,Foggy,17,41
12002,HWH,2,1,0,Clear,15,38
12002,BSB,5,1,0,Clear,21,38
12004,BSB,0,8,0,Stormy,20,11
12007,DDU,4,4,0,Rainy,19,31
12005,PNBE,6,10,0,Foggy,7,101
12002,CNB,5,5,0,Rainy,9,78
120010,DDU,0,11,0,Rainy,17,51
12003,PNBE,4,7,0,Clear,19,22
120010,NDLS,2,1,0,Rainy,19,31
120010,DDU,2,10,1,Stormy,18,62
12005,BSB,0,7,0,Clear,15,33
12002,BSB,3,10,0,Rainy,11,18
120010,LKO,1,9,1,Foggy,10,95
12004,BSB,6,11,0,Rainy,3,54
12008,DDU,1,7,0,Stormy,21,29
12004,HWH,5,2,0,Foggy,17,82
12006,CNB,4,10,0,Clear,14,44
12003,PNBE,6,1,0,Clear,23,41
12003,NDLS,5,3,0,Clear,17,39
12009,DDU,2,1,0,Rainy,9,50
12003,LKO,0,2,0,Foggy,6,67
12003,LKO,0,12,0,Clear,8,35
12007,DDU,2,6,0,Stormy,11,0
12008,HWH,3,1,0,Clear,23,31
12004,LKO,5,11,0,Rainy,5,43
12002,NDLS,1,12,0,Foggy,13,91
12002,CNB,4,2,1,Stormy,1,54
12007,LKO,0,7,0,Rainy,3,45
12003,LKO,6,9,0,Clear,15,45
12001,NDLS,2,4,0,Rainy,14,46
12001,BSB,5,11,0,Rainy,12,43
12003,LKO,3,2,0,Clear,6,0
12004,PNBE,6,9,0,Clear,19,31
12003,BSB,1,10,0,Stormy,22,16
12004,HWH,0,2,0,Foggy,5,69
12003,CNB,0,1,0,Stormy,14,38
12008,DDU,5,6,0,Foggy,1,154
12001,DDU,5,11,0,Rainy,12,75
12009,LKO,1,2,0,Stormy,19,18
12003,CNB,6,8,0,Foggy,0,171
12004,NDLS,4,1,0,Foggy,8,133
12002,LKO,2,7,0,Stormy,22,0
12001,NDLS,1,10,0,Clear,20,17
12005,NDLS,2,4,0,Foggy,9,136
12004,LKO,5,6,0,Foggy,9,54
12007,BSB,0,2,1,Stormy,9,31
12001,DDU,0,6,0,Foggy,5,61
12008,LKO,4,9,0,Foggy,4,105
12004,BSB,5,3,0,Stormy,11,22
12004,HWH,1,2,0,Rainy,1,26
12007,PNBE,6,11,0,Stormy,5,21
12007,HWH,1,3,0,Stormy,5,36
12006,CNB,4,2,0,Clear,7,0
120010,LKO,3,8,0,Stormy,3,26
12007,CNB,1,10,0,Rainy,5,44
12001,HWH,0,10,0,Clear,12,12
12004,HWH,4,11,0,Clear,3,10
12009,DDU,4,4,0,Rainy,20,43
12009,CNB,0,6,0,Clear,10,0
12002,CNB,4,2,0,Stormy,12,14
12005,BSB,4,5,0,Foggy,14,148
12007,CNB,1,2,0,Foggy,16,70
12006,PNBE,3,2,0,Stormy,10,9
12006,DDU,0,8,0,Clear,21,15
12006,CNB,2,8,0,Rainy,6,25
120010,CNB,1,5,0,Rainy,21,29
12008,NDLS,3,2,0,Stormy,21,33
120010,DDU,6,5,0,Foggy,21,138
12004,DDU,6,5,0,Stormy,14,37
12008,DDU,3,10,0,Rainy,4,51
12009,LKO,0,12,0,Rainy,13,8
12005,CNB,6,10,0,Stormy,19,55
12009,BSB,3,7,0,Stormy,11,21
12009,CNB,6,6,0,Stormy,21,30
12004,NDLS,4,4,0,Stormy,2,0
12004,BSB,1,12,0,Rainy,0,3
12009,NDLS,3,11,0,Foggy,4,96
120010,BSB,3,7,0,Rainy,2,19
12005,CNB,5,5,0,Foggy,3,59
12008,BSB,0,12,1,Stormy,15,41
12004,CNB,4,1,0,Stormy,15,27
12006,NDLS,4,3,0,Stormy,18,14
120010,LKO,4,4,0,Stormy,3,31
120010,BSB,4,7,0,Foggy,19,106
12003,HWH,6,3,0,Foggy,9,96
12001,HWH,0,11,0,Stormy,2,20
120010,LKO,1,5,0,Stormy,21,10
12007,NDLS,2,4,0,Rainy,6,34
12006,PNBE,1,3,1,Stormy,22,56
12005,LKO,4,12,0,Foggy,5,59
12001,CNB,1,6,0,Clear,14,15
12007,NDLS,5,4,0,Clear,6,29
12001,DDU,1,11,0,Clear,7,0
12009,BSB,0,6,0,Rainy,13,61
12006,CNB,2,3,0,Stormy,2,12
12001,HWH,5,5,0,Foggy,21,115
12006,NDLS,6,5,0,Rainy,5,66
12006,NDLS,6,2,0,Rainy,20,77
12005,HWH,6,9,0,Stormy,13,46
12005,LKO,1,8,0,Rainy,19,29
12003,CNB,5,12,1,Rainy,10,90
12002,BSB,0,2,0,Foggy,16,90
12002,NDLS,1,12,0,Rainy,16,65
12003,NDLS,4,1,0,Rainy,6,43
120010,PNBE,4,12,0,Rainy,12,16
120010,BSB,3,11,0,Rainy,16,55
12003,PNBE,6,12,1,Stormy,18,83
12004,DDU,0,5,0,Stormy,12,8
12003,BSB,2,9,0,Foggy,8,91
12009,NDLS,2,12,0,Foggy,8,106
12007,LKO,5,6,0,Stormy,4,34
12007,PNBE,1,10,0,Foggy,9,129
12006,NDLS,3,1,0,Stormy,19,16
12002,NDLS,0,12,0,Stormy,1,27
12009,CNB,1,10,0,Foggy,17,85
12007,PNBE,3,3,0,Clear,20,10
12009,NDLS,5,11,0,Foggy,23,144
12002,HWH,2,4,0,Rainy,2,24
12009,NDLS,4,1,0,Stormy,19,5
12006,BSB,0,12,0,Rainy,0,46
12008,CNB,0,3,0,Stormy,11,19
120010,BSB,1,2,0,Foggy,15,90
120010,HWH,0,3,0,Clear,1,13
12005,NDLS,0,9,0,Rainy,3,39
12005,CNB,6,1,0,Foggy,12,150
12008,PNBE,2,3,0,Clear,23,0
12009,HWH,6,8,0,Stormy,2,36
12005,HWH,6,3,0,Stormy,11,45
12007,PNBE,4,6,0,Clear,20,10
12009,CNB,5,5,0,Clear,19,44
12001,NDLS,6,6,0,Foggy,12,93
12007,PNBE,2,11,1,Clear,10,64
12003,DDU,3,8,0,Clear,3,0
12006,CNB,2,7,0,Rainy,20,25
12008,BSB,4,7,0,Clear,10,12
120010,CNB,3,5,0,Clear,17,29
12008,LKO,3,2,1,Foggy,0,66
12008,HWH,6,7,0,Stormy,2,45
12002,HWH,2,9,0,Stormy,21,11
12004,LKO,4,5,0,Foggy,5,75
12004,DDU,5,4,0,Stormy,1,33
12002,LKO,6,10,0,Rainy,4,57
12009,LKO,4,12,0,Stormy,10,0
12007,BSB,3,10,0,Foggy,17,101
12003,LKO,4,9,0,Clear,7,25
12007,PNBE,2,7,0,Foggy,1,106
12009,CNB,0,8,0,Clear,1,38
12006,LKO,2,11,0,Clear,15,39
12004,BSB,4,6,1,Foggy,10,140
12006,LKO,3,9,0,Foggy,14,82
12005,DDU,3,4,0,Stormy,20,8
12007,BSB,5,11,0,Stormy,4,14
120010,PNBE,0,4,0,Foggy,2,142
12008,DDU,6,11,0,Clear,23,29
120010,HWH,4,5,0,Clear,3,14
12003,PNBE,5,3,0,Foggy,19,134
12001,PNBE,5,8,1,Stormy,2,91
12004,PNBE,6,2,0,Clear,11,47
12005,LKO,5,6,0,Clear,0,24
12006,PNBE,0,9,1,Clear,20,32
12002,PNBE,2,5,0,Clear,7,26
12004,PNBE,3,12,0,Clear,16,25
12002,HWH,0,7,0,Foggy,6,97
12008,BSB,1,10,0,Rainy,9,22
12002,NDLS,4,10,0,Stormy,18,0
12008,DDU,0,7,0,Foggy,5,71
120010,DDU,0,5,1,Clear,8,48
12007,LKO,6,5,0,Foggy,12,94
12004,NDLS,6,5,0,Rainy,10,73
12008,CNB,5,2,0,Stormy,23,14
120010,NDLS,3,4,0,Rainy,22,52
12006,HWH,4,3,0,Rainy,13,15
12008,PNBE,2,12,0,Clear,12,1
12007,DDU,4,1,0,Foggy,5,128
12009,DDU,4,9,0,Stormy,11,17
12007,HWH,3,8,1,Rainy,7,62
12006,LKO,0,5,0,Stormy,10,0
12005,NDLS,4,2,0,Stormy,18,23
12008,CNB,0,6,0,Foggy,18,43
12008,PNBE,0,4,0,Rainy,2,52
12001,NDLS,3,5,0,Stormy,5,33
12001,DDU,6,2,0,Foggy,23,126
120010,LKO,6,1,0,Foggy,12,100
12001,PNBE,2,4,0,Stormy,10,25
12008,BSB,6,6,0,Clear,13,54
12003,CNB,2,9,1,Stormy,22,74
12004,LKO,2,7,1,Stormy,9,27
12002,DDU,6,11,0,Clear,17,43
12001,NDLS,1,5,0,Rainy,16,12
12001,BSB,6,12,0,Stormy,15,0
12006,DDU,1,3,0,Foggy,10,112
12004,PNBE,3,4,0,Stormy,22,20
120010,CNB,1,4,0,Foggy,0,38
12004,LKO,5,7,0,Foggy,6,88
12003,DDU,1,3,0,Clear,22,5
12002,DDU,4,10,0,Rainy,8,18
12002,NDLS,0,8,0,Stormy,19,2
12008,CNB,2,6,0,Foggy,3,70
12002,PNBE,6,6,0,Clear,2,53
120010,HWH,5,11,0,Clear,1,36
12007,LKO,0,1,1,Foggy,2,129
12008,BSB,3,4,0,Clear,3,12
12004,LKO,1,7,1,Foggy,2,109
12002,PNBE,6,5,1,Foggy,16,111
12008,NDLS,6,10,0,Clear,1,37
12007,PNBE,2,1,1,Stormy,14,40
12007,DDU,4,6,0,Stormy,5,26
12001,DDU,5,6,1,Foggy,17,139
12007,HWH,0,3,0,Stormy,9,0
12003,BSB,2,7,0,Foggy,22,90
12009,CNB,0,4,0,Foggy,9,55
120010,LKO,1,2,0,Foggy,5,148
12005,DDU,2,8,0,Stormy,15,28
12002,DDU,2,8,0,Foggy,10,56
12005,LKO,3,8,0,Clear,3,5
12003,LKO,6,3,1,Stormy,9,75
120010,BSB,5,4,0,Stormy,15,61
12001,BSB,0,5,0,Rainy,21,53
12006,CNB,0,7,0,Rainy,9,35
12001,DDU,1,6,0,Clear,14,24
12003,DDU,3,3,0,Rainy,6,27
12003,NDLS,2,11,0,Rainy,14,42
12006,NDLS,5,3,0,Foggy,18,93
12005,BSB,5,1,0,Foggy,1,91
12003,DDU,0,11,0,Foggy,2,123
12003,LKO,5,2,0,Stormy,7,63
12009,BSB,1,1,0,Clear,23,33
12005,DDU,2,2,0,Rainy,1,61
12002,PNBE,3,2,0,Stormy,15,25
12003,CNB,6,4,0,Stormy,16,36
12005,CNB,1,3,0,Foggy,8,97
12007,PNBE,6,11,0,Stormy,11,44
12006,CNB,0,11,0,Rainy,9,20
12003,NDLS,0,9,0,Rainy,16,38
12004,CNB,4,10,0,Rainy,2,49
12008,PNBE,0,11,0,Rainy,19,42
12009,CNB,2,5,0,Stormy,0,20
12004,NDLS,1,12,0,Foggy,21,28
120010,NDLS,3,11,0,Clear,16,31
12003,NDLS,0,11,0,Rainy,23,58
12007,HWH,2,6,0,Foggy,17,88
12002,DDU,2,11,1,Stormy,10,59
12004,PNBE,0,5,0,Foggy,1,38
12005,NDLS,6,8,1,Stormy,11,79
12005,BSB,1,6,0,Foggy,0,91
12003,BSB,6,7,0,Foggy,20,124
12001,HWH,3,1,0,Clear,2,27
120010,CNB,5,2,0,Foggy,16,130
12006,CNB,3,1,0,Clear,14,21
12006,DDU,4,12,0,Stormy,7,3
12006,PNBE,5,7,0,Stormy,18,18
12008,NDLS,3,5,0,Foggy,9,81
12007,DDU,1,10,0,Clear,21,2
12007,DDU,2,10,0,Stormy,6,8
12006,DDU,1,8,0,Rainy,4,40
12007,NDLS,6,10,0,Rainy,10,53
12003,LKO,0,9,0,Foggy,8,108
12008,BSB,3,8,1,Foggy,17,98
12009,HWH,5,3,0,Stormy,17,45
12006,LKO,3,7,0,Foggy,5,137
12001,LKO,2,10,0,Clear,17,19
12001,PNBE,0,10,0,Stormy,3,7
12002,HWH,2,5,0,Clear,1,19
12009,BSB,2,7,0,Foggy,5,77
120010,PNBE,5,11,0,Stormy,17,43
12007,PNBE,1,12,0,Foggy,4,90
120010,BSB,4,12,0,Rainy,23,21
12004,CNB,5,6,0,Stormy,3,44
12009,CNB,4,8,0,Rainy,22,39
12001,PNBE,5,9,0,Clear,4,34
120010,CNB,4,10,0,Foggy,13,119
12002,CNB,1,11,0,Clear,0,11
12004,NDLS,6,9,0,Rainy,0,81
12008,PNBE,0,9,0,Foggy,15,119
120010,HWH,1,1,0,Stormy,20,18
12005,BSB,5,9,0,Foggy,14,116
12004,BSB,6,9,1,Clear,19,51
120010,NDLS,0,12,0,Stormy,12,3
12004,NDLS,0,11,0,Foggy,19,51
12007,NDLS,0,1,0,Clear,10,18
120010,BSB,6,9,0,Foggy,5,91
12005,CNB,1,5,0,Rainy,8,41
12001,BSB,6,8,0,Foggy,17,164
12001,NDLS,4,4,0,Rainy,15,54
12007,CNB,0,2,0,Clear,10,6
12007,HWH,5,2,0,Foggy,16,115
12007,BSB,2,2,0,Rainy,23,28
12003,PNBE,2,7,0,Rainy,14,61
12005,CNB,6,9,0,Clear,1,41
120010,NDLS,2,6,0,Stormy,22,29
12002,NDLS,1,1,0,Stormy,11,17
12008,HWH,6,6,0,Rainy,15,84
12003,LKO,0,11,0,Rainy,21,39
12007,CNB,0,11,1,Stormy,2,72
12006,NDLS,4,10,0,Rainy,17,42
12004,LKO,2,6,0,Stormy,23,19
12001,DDU,4,1,0,Stormy,6,19
12006,NDLS,3,3,1,Stormy,7,65
12008,BSB,6,8,0,Stormy,2,40
12001,LKO,6,12,1,Clear,16,83
12001,DDU,1,6,0,Rainy,10,37
12003,LKO,6,8,0,Stormy,6,29
12002,NDLS,5,10,0,Rainy,23,69
12009,PNBE,1,10,0,Foggy,7,36
12007,PNBE,5,4,0,Clear,10,0
12003,BSB,3,8,0,Clear,0,32
12004,PNBE,0,5,0,Rainy,7,27
12004,LKO,5,1,0,Foggy,14,156
12003,DDU,1,6,0,Clear,2,8
120010,LKO,1,4,0,Rainy,7,33
12006,NDLS,2,8,0,Clear,0,31
12004,HWH,3,10,0,Stormy,11,6
12002,DDU,0,2,0,Foggy,18,28
12002,CNB,6,2,0,Stormy,22,35
12007,PNBE,4,5,0,Foggy,16,62
12003,LKO,6,7,0,Rainy,7,45
12002,NDLS,1,10,0,Rainy,22,48
12008,NDLS,0,9,0,Stormy,9,0
12005,NDLS,3,7,0,Stormy,19,19
12009,NDLS,5,9,0,Rainy,23,45
12008,HWH,6,6,0,Foggy,2,113
12001,DDU,1,10,0,Rainy,23,12
12008,CNB,5,2,0,Clear,10,41
12002,NDLS,3,2,0,Rainy,20,53
12002,LKO,0,2,0,Foggy,6,53
12004,HWH,5,3,0,Rainy,22,70
120010,BSB,1,9,1,Rainy,2,66
12007,DDU,0,5,0,Clear,0,37
12008,NDLS,4,11,0,Foggy,4,69
12006,LKO,6,7,0,Stormy,20,41
12005,LKO,5,3,1,Clear,23,84
12003,BSB,4,4,0,Clear,6,12
12001,DDU,5,8,0,Foggy,19,96
12004,CNB,6,11,1,Foggy,17,125
12001,BSB,3,3,0,Foggy,6,99
120010,CNB,4,3,0,Clear,17,3
12006,LKO,6,1,0,Foggy,11,82
12005,LKO,0,11,0,Stormy,18,15
12005,BSB,4,4,0,Clear,2,7
12001,HWH,0,8,0,Foggy,7,63
12007,NDLS,1,7,0,Rainy,16,22
120010,LKO,1,4,0,Stormy,13,16
120010,CNB,3,6,0,Foggy,0,134
12004,HWH,2,10,0,Rainy,5,38
12005,LKO,4,1,0,Rainy,22,32
12008,CNB,0,4,0,Stormy,23,16
12007,PNBE,3,3,0,Foggy,6,77
120010,CNB,1,5,0,Stormy,13,32
12005,CNB,6,7,0,Rainy,16,86
12009,BSB,5,9,0,Foggy,5,103
120010,HWH,4,8,0,Clear,20,17
12008,PNBE,6,8,0,Rainy,1,69
12008,NDLS,5,2,0,Foggy,0,128
12009,DDU,3,9,0,Stormy,18,0
12001,HWH,6,2,0,Foggy,2,153
120010,PNBE,6,7,0,Clear,11,50
12002,CNB,5,11,0,Clear,14,14
12008,NDLS,5,9,0,Rainy,12,92
120010,HWH,1,10,0,Stormy,8,21
12006,HWH,3,5,0,Stormy,18,29
12004,LKO,2,9,0,Foggy,17,84
12005,NDLS,0,7,0,Stormy,22,6
12002,HWH,6,5,0,Stormy,21,20
12001,PNBE,4,8,0,Stormy,2,20
120010,PNBE,1,1,0,Foggy,23,115
12005,HWH,0,4,0,Rainy,0,35
12001,CNB,1,9,0,Stormy,21,2
12002,DDU,0,6,0,Rainy,21,30
12008,LKO,1,10,0,Rainy,7,37
12003,NDLS,4,10,0,Rainy,13,48
12002,CNB,6,11,0,Rainy,11,48
12006,PNBE,1,6,1,Rainy,7,62
12008,DDU,5,8,1,Stormy,15,85
12003,CNB,4,12,0,Foggy,19,126
12006,HWH,4,7,0,Rainy,13,54
12002,DDU,5,3,0,Stormy,17,45
12001,CNB,4,8,1,Foggy,20,110
12008,CNB,0,6,1,Stormy,19,46
12007,DDU,6,3,0,Clear,11,23
12004,NDLS,5,4,0,Stormy,6,52
120010,PNBE,0,12,0,Foggy,15,147
12008,NDLS,6,12,1,Clear,17,60
12002,BSB,5,2,0,Stormy,12,32
12002,DDU,3,10,0,Rainy,19,35
12003,NDLS,3,9,0,Rainy,2,34
12001,CNB,1,4,0,Clear,19,36
12005,DDU,1,2,0,Rainy,11,38
12005,LKO,3,9,0,Foggy,9,94
12003,BSB,1,2,0,Clear,15,20
12004,PNBE,4,3,0,Foggy,0,69
12006,PNBE,4,8,1,Stormy,10,56
12009,HWH,0,2,0,Clear,8,30
12006,HWH,2,2,0,Stormy,9,3
12003,NDLS,0,8,0,Rainy,2,42
12005,CNB,6,4,0,Foggy,8,105
12005,LKO,3,2,0,Clear,6,12
12004,HWH,6,7,0,Foggy,18,154
12006,CNB,6,6,0,Foggy,16,108
12001,NDLS,3,1,0,Stormy,16,22
120010,DDU,4,7,0,Rainy,7,61
12008,BSB,0,5,0,Foggy,13,101
120010,PNBE,3,12,0,Clear,13,18
120010,PNBE,0,11,0,Rainy,18,46
12009,HWH,2,6,0,Stormy,2,24
120010,DDU,2,3,0,Clear,8,25
12003,NDLS,2,2,0,Rainy,6,53
12009,CNB,3,1,0,Stormy,12,24
12001,PNBE,2,11,0,Clear,12,9
12004,PNBE,1,8,0,Stormy,20,29
12007,CNB,4,5,0,Foggy,16,118
12008,DDU,4,8,0,Clear,11,19
12003,CNB,0,7,0,Stormy,19,32
120010,DDU,3,3,0,Clear,15,6
12007,CNB,6,3,0,Rainy,16,59
12009,NDLS,5,9,0,Rainy,7,57
12008,BSB,3,7,0,Clear,7,8
12009,LKO,6,2,0,Foggy,14,67
12005,PNBE,4,6,0,Rainy,1,39
12006,CNB,1,1,0,Clear,0,33
12001,LKO,5,7,0,Clear,8,44
12002,DDU,3,1,0,Rainy,19,30
12007,BSB,1,1,0,Stormy,3,35
12004,BSB,0,9,0,Stormy,9,19
12007,NDLS,5,6,0,Stormy,16,0
12003,BSB,6,1,0,Foggy,17,119
12003,PNBE,1,10,0,Rainy,22,33
12007,NDLS,4,2,0,Foggy,22,74
12005,CNB,5,3,1,Rainy,7,125
12008,PNBE,0,3,0,Foggy,22,93
12008,CNB,1,7,0,Rainy,7,65
12005,LKO,2,8,1,Foggy,0,127
12009,BSB,0,8,0,Clear,1,2
12003,HWH,2,4,0,Foggy,14,109
12005,LKO,1,10,0,Foggy,12,125
12009,DDU,0,4,0,Stormy,12,0
12004,NDLS,5,9,0,Rainy,11,67
12009,PNBE,0,7,0,Clear,17,39
12001,PNBE,2,2,1,Rainy,13,67
12005,BSB,0,5,0,Stormy,22,6
12006,HWH,5,7,0,Rainy,8,72
12009,LKO,3,4,0,Rainy,19,22
12008,BSB,4,2,0,Stormy,0,0
12005,NDLS,0,7,0,Clear,3,32
12001,DDU,3,12,0,Foggy,16,93
12008,PNBE,4,9,0,Clear,17,23
120010,HWH,4,1,0,Clear,18,13
120010,DDU,0,6,0,Rainy,4,21
12001,LKO,4,10,0,Foggy,18,39
12005,HWH,6,11,1,Clear,9,90
12007,CNB,2,1,0,Stormy,3,36
12002,LKO,0,9,0,Stormy,14,25
12004,HWH,4,8,0,Clear,11,12
12001,HWH,3,6,0,Rainy,10,25
12004,HWH,6,8,0,Rainy,17,58
12008,BSB,5,4,0,Foggy,1,119
12002,LKO,3,5,0,Clear,2,0
12009,BSB,0,2,0,Rainy,20,34
12004,BSB,5,8,0,Rainy,8,90
120010,PNBE,2,4,0,Clear,2,39
12002,BSB,6,12,0,Foggy,23,72
12003,HWH,0,6,0,Clear,18,32
12003,DDU,5,2,0,Foggy,12,84
12001,CNB,3,12,0,Stormy,8,31
12002,PNBE,2,8,0,Foggy,21,46
12004,HWH,3,9,0,Clear,13,5
12002,PNBE,2,7,0,Clear,17,17
12001,CNB,0,6,0,Stormy,19,8
120010,DDU,1,11,0,Rainy,16,52
12006,LKO,0,1,0,Clear,22,0
12004,CNB,5,6,0,Clear,6,48
12007,CNB,4,8,0,Rainy,0,59
12008,LKO,3,4,0,Stormy,0,21
12004,DDU,1,4,0,Foggy,0,90
12008,PNBE,6,10,0,Foggy,6,92
12009,HWH,2,6,0,Rainy,0,66
12005,BSB,4,4,0,Stormy,15,7
12009,NDLS,4,3,0,Stormy,5,4
12005,LKO,0,9,0,Rainy,0,36
12003,DDU,5,10,0,Foggy,18,186
12003,NDLS,0,7,0,Foggy,8,145
120010,BSB,1,1,0,Foggy,14,115
120010,NDLS,1,1,0,Foggy,14,116
12005,NDLS,2,2,0,Stormy,21,11
12005,LKO,1,1,1,Stormy,6,61
12004,DDU,2,6,0,Rainy,17,61
12005,PNBE,5,12,0,Rainy,11,49
120010,NDLS,4,7,0,Stormy,3,33
12006,LKO,5,8,0,Foggy,18,167
12006,NDLS,4,7,0,Clear,3,0
12009,DDU,6,7,0,Clear,1,27
12002,NDLS,0,9,0,Rainy,2,33
12001,DDU,6,12,0,Foggy,8,80
12008,NDLS,0,3,0,Rainy,2,67
12002,LKO,5,8,0,Clear,16,63
12003,CNB,4,11,0,Stormy,9,11
12009,HWH,6,3,0,Clear,5,39
12006,NDLS,6,11,0,Clear,2,59
12009,BSB,2,1,0,Stormy,8,0
12008,BSB,1,9,0,Foggy,18,74
12002,CNB,5,6,1,Foggy,16,100
12001,BSB,6,6,0,Foggy,2,80
12008,CNB,5,6,0,Foggy,9,103
12001,DDU,0,4,0,Rainy,4,34
12004,NDLS,2,11,0,Clear,10,37
12006,NDLS,5,1,0,Rainy,13,63
12006,BSB,3,7,1,Foggy,3,114
12009,DDU,0,7,0,Clear,7,25
12005,NDLS,5,7,0,Clear,18,38
12002,PNBE,1,3,0,Clear,12,13
12009,NDLS,1,9,0,Stormy,18,8
12007,BSB,3,2,0,Rainy,11,24
12001,PNBE,5,9,0,Rainy,9,50
12008,PNBE,2,8,1,Foggy,3,104
12008,BSB,2,2,0,Foggy,19,120
12007,BSB,2,10,0,Foggy,13,55
12005,NDLS,6,4,0,Foggy,11,100
12008,BSB,2,6,0,Clear,12,21
12005,LKO,0,7,0,Clear,13,25
12001,BSB,0,9,0,Stormy,17,0
12002,NDLS,6,5,0,Foggy,21,104
12003,BSB,4,3,0,Foggy,20,90
12001,PNBE,0,12,0,Clear,19,16
12001,NDLS,6,10,0,Rainy,10,69
12002,DDU,6,11,0,Foggy,5,143
12001,HWH,3,8,1,Stormy,18,66
12005,NDLS,5,7,0,Clear,19,27
12006,LKO,5,9,0,Clear,9,16
12009,BSB,2,12,1,Rainy,12,47
12006,BSB,4,10,0,Rainy,10,28
12001,NDLS,5,6,0,Foggy,21,74
12009,NDLS,6,7,0,Foggy,3,53
12001,NDLS,4,10,0,Stormy,21,8
12007,NDLS,4,11,0,Foggy,8,53
12002,CNB,5,8,0,Clear,12,20
12006,CNB,4,5,0,Clear,23,20
12001,HWH,0,5,0,Stormy,11,4
12009,PNBE,1,7,0,Foggy,14,130
12001,HWH,0,10,1,Foggy,9,155
120010,NDLS,4,5,0,Stormy,11,0
12003,PNBE,3,9,0,Foggy,5,137
12005,BSB,1,7,0,Rainy,11,31
12002,NDLS,0,2,0,Rainy,20,30
12009,CNB,0,10,1,Clear,14,66
12004,NDLS,1,11,0,Stormy,10,33
12005,LKO,1,7,0,Foggy,16,57
12009,PNBE,0,4,0,Clear,6,12
12006,BSB,2,10,0,Foggy,3,75
12006,DDU,3,9,0,Foggy,11,123
12005,CNB,2,6,0,Foggy,14,102
12002,CNB,4,8,0,Rainy,11,39
12002,PNBE,0,11,1,Foggy,4,152
12008,HWH,6,10,0,Clear,14,29
12009,CNB,5,2,0,Rainy,0,71
12003,CNB,1,12,0,Rainy,2,44
12007,NDLS,5,9,0,Foggy,11,94
12008,NDLS,0,1,0,Rainy,6,33
12007,NDLS,2,9,1,Clear,8,66
12007,NDLS,6,8,0,Clear,4,37
120010,CNB,0,4,0,Clear,20,1
12004,LKO,5,1,0,Foggy,4,102
12004,BSB,2,1,0,Foggy,5,98
12005,LKO,4,12,0,Foggy,20,81
120010,NDLS,5,5,0,Stormy,11,49
12005,LKO,2,7,1,Clear,13,59
12008,DDU,4,9,0,Foggy,2,70
12004,HWH,5,1,0,Clear,23,40
120010,DDU,0,9,1,Stormy,13,67
12003,HWH,1,3,0,Clear,19,24
12008,BSB,1,7,0,Stormy,6,3
12006,CNB,5,6,0,Stormy,1,40
12008,PNBE,1,2,0,Foggy,10,118
12004,DDU,3,6,0,Stormy,6,20
12007,BSB,5,3,0,Stormy,2,38
12002,HWH,1,4,1,Foggy,0,85
12009,BSB,1,2,0,Stormy,10,19
12008,HWH,4,7,0,Rainy,3,43
12008,CNB,3,10,0,Clear,17,15
12004,DDU,1,11,0,Clear,8,0
12007,NDLS,1,6,0,Clear,1,9
12008,PNBE,6,3,0,Clear,15,46
120010,PNBE,4,5,1,Foggy,9,90
12003,HWH,6,3,0,Stormy,7,39
12009,HWH,1,6,0,Stormy,10,18
12005,LKO,3,4,0,Foggy,3,78
120010,LKO,3,4,0,Stormy,14,5
12001,PNBE,2,12,0,Rainy,1,30
12005,LKO,1,2,0,Stormy,8,10
12003,DDU,1,11,0,Foggy,10,124
12005,DDU,5,3,0,Foggy,3,89
12004,CNB,4,11,0,Rainy,2,45
12002,NDLS,2,9,0,Clear,19,32
12008,BSB,2,4,0,Stormy,14,15
12002,LKO,0,12,0,Clear,18,1
12009,PNBE,2,4,0,Stormy,13,14
12005,BSB,2,7,0,Rainy,3,77
120010,NDLS,3,4,0,Rainy,21,32
12002,NDLS,1,1,0,Clear,19,0
12002,BSB,0,8,0,Stormy,11,21
12005,BSB,3,9,0,Clear,19,28
12009,CNB,6,3,0,Stormy,8,27
12006,CNB,2,11,0,Stormy,8,0
12004,CNB,3,1,0,Foggy,14,63
12009,HWH,4,4,0,Clear,5,2
12001,LKO,0,6,0,Clear,4,34
12007,NDLS,4,9,0,Clear,2,24
12005,HWH,4,2,1,Clear,18,30
12008,HWH,3,1,0,Stormy,6,0
12005,PNBE,6,6,0,Rainy,12,29
12006,PNBE,2,5,0,Foggy,4,60
12001,NDLS,1,5,0,Stormy,23,37
12005,DDU,0,1,0,Foggy,0,130
12007,NDLS,5,7,0,Foggy,12,87
12001,LKO,0,7,0,Rainy,20,25
12008,NDLS,6,11,0,Clear,4,24
12005,CNB,3,11,0,Stormy,10,14
12001,CNB,4,5,0,Clear,13,9
12002,CNB,4,8,0,Clear,13,32
12003,DDU,6,8,0,Foggy,3,100
12005,NDLS,4,2,0,Rainy,2,27
12005,HWH,4,6,0,Rainy,18,50
12009,LKO,4,8,0,Stormy,15,8
12003,PNBE,1,3,0,Stormy,20,39
12001,DDU,6,2,1,Foggy,20,149
120010,LKO,2,4,0,Stormy,13,13
12008,BSB,0,4,0,Foggy,20,121
12008,NDLS,3,2,0,Stormy,13,10
12004,CNB,1,9,0,Foggy,12,129
12007,NDLS,1,8,0,Stormy,0,10
12008,NDLS,0,12,0,Clear,10,16
12007,NDLS,3,4,0,Foggy,13,103
12007,LKO,5,9,0,Foggy,8,138
120010,HWH,5,1,0,Stormy,18,52
12001,BSB,4,5,0,Clear,2,5
12005,LKO,6,9,0,Clear,13,31
12001,HWH,5,5,0,Foggy,22,87
12009,HWH,4,9,0,Stormy,4,0
12007,LKO,0,4,0,Stormy,0,10
12008,CNB,3,12,0,Clear,6,31
12006,BSB,2,1,0,Rainy,11,59
120010,BSB,2,5,0,Foggy,23,88
12005,CNB,4,9,0,Stormy,4,9
120010,NDLS,6,9,0,Clear,16,43
12003,CNB,1,9,0,Rainy,21,56
12001,CNB,0,5,0,Rainy,19,72
12003,HWH,2,12,0,Clear,13,8
12006,BSB,3,9,0,Rainy,20,44
12006,BSB,0,3,0,Stormy,14,39
12003,CNB,0,1,0,Rainy,16,60
12006,NDLS,3,4,0,Clear,23,28
12009,DDU,4,9,0,Foggy,23,71
12003,BSB,2,7,0,Clear,3,3
12009,NDLS,0,2,1,Stormy,7,38
12006,DDU,2,12,0,Stormy,6,20
12003,LKO,4,8,0,Clear,16,0
120010,DDU,2,11,0,Foggy,18,86
12008,NDLS,5,4,0,Clear,12,63
12008,DDU,0,7,1,Foggy,16,160
12005,LKO,2,4,0,Rainy,20,28
12002,LKO,4,1,0,Clear,0,2
120010,PNBE,4,10,0,Stormy,14,20
12002,BSB,1,10,0,Stormy,4,7
120010,LKO,3,9,0,Foggy,16,118
12008,DDU,4,6,0,Rainy,23,38
120010,NDLS,3,10,1,Rainy,17,76
120010,CNB,5,4,0,Foggy,4,106
12002,LKO,3,9,0,Rainy,9,32
12006,PNBE,4,2,0,Foggy,15,77
12003,PNBE,1,5,0,Rainy,9,18
12004,NDLS,4,1,0,Rainy,21,27
12008,PNBE,2,2,0,Rainy,0,34
12006,BSB,1,9,0,Clear,13,9
12004,LKO,5,2,1,Foggy,2,140
12002,LKO,0,3,0,Clear,19,35
12005,HWH,3,11,1,Clear,7,55
12004,CNB,6,11,0,Stormy,18,56
12009,LKO,3,5,0,Foggy,4,60
12009,NDLS,6,1,0,Foggy,19,96
12002,HWH,0,4,0,Foggy,14,68
12003,HWH,5,10,0,Clear,15,20
12001,BSB,3,12,0,Rainy,21,60
12009,CNB,2,10,1,Clear,7,44
12006,BSB,1,6,0,Stormy,15,0
12001,LKO,0,3,0,Foggy,18,90
12006,CNB,5,12,1,Stormy,2,98
12001,PNBE,2,9,1,Clear,21,77
120010,LKO,3,12,0,Rainy,19,53
12006,DDU,3,5,0,Stormy,2,0
12001,CNB,0,5,0,Rainy,18,45
12001,BSB,2,3,0,Stormy,4,19
12008,NDLS,2,5,0,Rainy,20,49
12002,HWH,5,10,0,Clear,7,24
12001,NDLS,6,11,0,Clear,11,35
12003,DDU,1,4,0,Clear,1,18
12001,LKO,5,8,0,Stormy,0,35
12003,HWH,2,8,0,Stormy,4,0
12002,NDLS,2,12,0,Rainy,21,32
12005,CNB,6,1,0,Rainy,8,7
12007,LKO,3,2,0,Foggy,5,67
12005,NDLS,2,6,0,Clear,1,3
12003,BSB,1,9,0,Stormy,17,14
12008,HWH,6,12,0,Foggy,6,113
12004,DDU,3,6,0,Rainy,11,7
120010,DDU,3,7,0,Stormy,18,3
12003,HWH,6,3,0,Rainy,8,84
12002,BSB,1,2,0,Foggy,23,66
12004,BSB,5,12,0,Clear,21,45
12008,HWH,0,11,0,Clear,19,34
12006,BSB,2,8,0,Rainy,22,55
12004,HWH,4,10,0,Stormy,12,8
12006,NDLS,0,9,0,Rainy,0,40
12005,BSB,6,2,1,Rainy,14,75
12003,LKO,1,5,0,Rainy,18,29
12009,DDU,4,7,0,Stormy,7,12
12005,CNB,0,9,0,Foggy,11,95
12006,PNBE,4,5,0,Rainy,2,65
12002,PNBE,1,5,0,Clear,11,32
12004,DDU,0,1,0,Stormy,23,30
120010,BSB,2,6,0,Foggy,2,69
12009,DDU,5,10,0,Foggy,8,142
12007,DDU,5,3,0,Stormy,8,54
12004,DDU,6,8,0,Clear,16,31
120010,NDLS,1,1,0,Clear,19,0
12007,HWH,0,5,0,Rainy,4,60
12004,DDU,2,7,0,Stormy,9,17
12002,PNBE,4,10,0,Foggy,14,49
12004,HWH,1,7,0,Clear,15,22
12004,NDLS,4,4,0,Clear,19,2
12001,BSB,6,12,1,Stormy,9,92
12005,DDU,3,6,1,Stormy,21,26
120010,DDU,1,8,0,Stormy,22,17
12007,NDLS,1,8,0,Clear,2,44
12008,NDLS,6,1,1,Stormy,9,70
12007,LKO,2,12,0,Rainy,21,71
12003,PNBE,6,8,0,Foggy,20,122
12005,CNB,5,3,0,Stormy,18,36
12002,LKO,1,8,1,Clear,18,27
120010,PNBE,3,8,0,Foggy,11,50
12006,BSB,4,4,0,Stormy,16,3
12002,HWH,5,1,0,Clear,22,44
12002,NDLS,3,7,0,Foggy,18,145
12009,NDLS,2,10,0,Clear,10,4
12009,DDU,5,4,0,Rainy,11,68
12001,CNB,0,1,0,Foggy,11,59
12009,NDLS,6,7,0,Foggy,16,72
12009,DDU,2,12,0,Rainy,11,35
12002,CNB,4,1,0,Foggy,11,111
12008,CNB,4,4,0,Stormy,17,0
12009,CNB,4,4,0,Clear,12,12
120010,DDU,4,11,0,Foggy,18,107
12004,BSB,2,10,0,Clear,15,25
12004,CNB,4,12,0,Clear,15,0
12006,LKO,3,8,0,Rainy,22,22
12001,DDU,2,3,0,Clear,8,13
12008,LKO,6,10,0,Foggy,10,72
12004,DDU,5,2,0,Rainy,19,24
12002,LKO,0,1,0,Stormy,21,0
12003,NDLS,4,3,0,Clear,3,14
12002,CNB,3,9,0,Foggy,3,101
12002,DDU,4,1,0,Rainy,13,38
12005,CNB,6,11,0,Foggy,13,76
12001,PNBE,0,4,0,Rainy,22,48
12007,CNB,0,1,0,Foggy,6,106
12002,DDU,3,1,0,Stormy,21,3
12006,DDU,4,9,0,Clear,10,13
12003,LKO,6,3,0,Rainy,10,66
120010,CNB,6,11,0,Stormy,15,48
12008,BSB,0,1,0,Rainy,3,30
12003,PNBE,4,7,0,Foggy,17,52
12003,HWH,2,1,1,Rainy,22,57
120010,BSB,4,12,0,Clear,23,10
12009,LKO,5,11,0,Foggy,19,149
12007,CNB,2,9,0,Foggy,16,130
12007,PNBE,5,5,0,Stormy,12,31
12008,DDU,6,10,0,Clear,11,51
120010,CNB,2,2,0,Rainy,23,28
12006,LKO,1,9,0,Clear,20,12
12005,NDLS,6,1,0,Foggy,2,127
12006,CNB,1,3,0,Foggy,18,58
12007,BSB,4,6,0,Stormy,20,18
12008,BSB,4,8,0,Foggy,11,89
12008,LKO,5,8,0,Clear,15,39
12009,NDLS,4,11,0,Clear,14,0
120010,DDU,6,4,0,Rainy,8,40
12003,BSB,2,10,0,Clear,5,15
12006,HWH,6,6,0,Foggy,8,157
120010,BSB,3,7,0,Stormy,0,0
12002,LKO,5,3,0,Foggy,15,104
12007,BSB,2,11,1,Stormy,19,55
120010,DDU,0,3,0,Foggy,3,94
12007,HWH,5,8,0,Stormy,22,41
12006,LKO,1,12,0,Stormy,20,19
12008,HWH,5,10,0,Rainy,13,49
12009,PNBE,1,5,0,Rainy,1,48
12006,HWH,0,8,0,Stormy,3,20
12001,CNB,2,9,0,Clear,23,13
12001,DDU,0,1,0,Rainy,16,62
12008,PNBE,1,7,0,Stormy,17,14
12003,LKO,4,8,0,Rainy,19,29
12004,BSB,4,7,0,Foggy,22,62
120010,DDU,6,4,0,Stormy,17,51
12006,HWH,3,12,0,Stormy,14,6
12006,PNBE,1,2,0,Stormy,22,32
12008,NDLS,3,1,1,Rainy,21,73
12004,HWH,1,3,0,Rainy,22,27
12006,NDLS,4,9,0,Stormy,3,8
120010,LKO,3,8,0,Stormy,7,22
12005,LKO,6,4,0,Clear,6,56
12001,PNBE,6,12,0,Clear,5,30
12004,NDLS,2,7,0,Clear,12,15
12002,NDLS,0,12,0,Clear,6,35
12003,PNBE,0,9,0,Foggy,8,64
12007,HWH,2,12,0,Rainy,22,63
12005,BSB,6,4,0,Rainy,0,47
12006,BSB,4,5,0,Foggy,0,59
12005,PNBE,3,2,1,Stormy,15,45
12002,NDLS,0,10,1,Stormy,15,76
12008,LKO,6,4,0,Clear,11,27
12003,PNBE,2,3,0,Rainy,3,39
12008,HWH,1,12,0,Stormy,16,23
12006,LKO,4,10,0,Stormy,14,22
12002,BSB,0,11,0,Clear,19,28
12006,CNB,2,7,0,Clear,22,0
12009,NDLS,6,11,0,Foggy,20,64
12008,NDLS,3,3,0,Stormy,8,33
12006,DDU,6,8,0,Stormy,3,53
12009,PNBE,6,10,0,Rainy,15,53
12001,BSB,1,10,0,Foggy,0,97
12008,BSB,2,6,1,Stormy,14,74
12003,NDLS,2,11,0,Rainy,8,47
12004,DDU,4,11,0,Foggy,12,60
12009,CNB,2,12,0,Clear,8,30
12005,NDLS,2,8,0,Rainy,2,43
12004,HWH,4,7,0,Foggy,15,86
120010,BSB,2,2,0,Clear,15,0
120010,BSB,2,3,0,Rainy,0,34
12007,BSB,6,12,0,Stormy,0,38
12005,CNB,6,1,0,Stormy,15,28
12009,DDU,2,1,0,Stormy,3,36
12008,LKO,5,11,0,Foggy,19,89
12004,BSB,2,1,0,Foggy,19,97
12002,HWH,2,5,0,Rainy,18,40
12008,BSB,3,2,0,Rainy,14,32
12005,NDLS,1,7,0,Clear,9,18
12006,HWH,2,6,0,Clear,9,23
12002,PNBE,0,5,0,Stormy,2,29
12009,LKO,6,11,0,Foggy,21,104
12001,DDU,3,5,1,Rainy,3,108
12009,DDU,0,7,0,Rainy,20,30
12007,DDU,2,10,0,Stormy,20,0
12007,BSB,6,10,0,Foggy,4,115
12007,NDLS,5,12,0,Foggy,18,83
12006,DDU,1,6,0,Clear,19,0
12007,LKO,2,9,0,Stormy,11,26
12003,LKO,0,7,0,Stormy,19,0
12004,NDLS,0,1,0,Foggy,14,117
12002,CNB,0,7,0,Foggy,5,102
12009,CNB,2,12,0,Foggy,9,123
12006,HWH,3,9,0,Stormy,19,9
12008,BSB,2,8,0,Clear,23,0
12007,PNBE,3,7,0,Rainy,18,66
12003,CNB,2,9,0,Stormy,11,2
12004,NDLS,4,1,0,Stormy,11,26
12001,HWH,4,12,0,Clear,12,11
12007,HWH,5,8,0,Clear,15,22
12003,PNBE,5,1,0,Stormy,8,65
12003,PNBE,4,11,0,Clear,22,19
12005,HWH,0,1,0,Stormy,10,19
12008,LKO,6,4,1,Foggy,12,139
12005,BSB,2,3,0,Foggy,7,78
12002,LKO,3,1,0,Foggy,22,22
12004,DDU,2,1,0,Foggy,21,113
12006,PNBE,4,12,0,Rainy,17,28
12007,CNB,0,12,1,Rainy,2,104
12004,PNBE,4,11,0,Clear,14,24
12008,PNBE,5,11,0,Stormy,9,55
12004,BSB,4,11,0,Stormy,4,11
12006,PNBE,6,11,0,Clear,16,32
12001,DDU,3,5,0,Rainy,20,64
12001,BSB,5,3,0,Foggy,9,141
12006,BSB,1,5,1,Stormy,12,48
12004,NDLS,4,5,0,Rainy,20,20
12007,BSB,1,7,0,Clear,13,11
120010,CNB,4,12,0,Rainy,7,9
12003,PNBE,6,7,0,Clear,14,38
12007,NDLS,1,1,0,Rainy,12,46
12007,PNBE,2,8,1,Foggy,0,84
12006,BSB,4,4,0,Rainy,17,32
12005,CNB,5,3,0,Rainy,0,84
12003,CNB,6,7,0,Clear,13,40
12008,BSB,3,9,0,Clear,9,9
120010,NDLS,1,8,0,Clear,18,24
12002,DDU,6,4,0,Rainy,21,71
12002,LKO,5,2,0,Stormy,0,26
12006,CNB,5,12,0,Clear,3,44
12007,BSB,6,7,0,Foggy,16,72
120010,CNB,5,10,0,Rainy,21,71
12006,LKO,5,1,0,Stormy,17,23
12003,HWH,0,8,0,Rainy,12,48
12009,NDLS,1,2,0,Foggy,6,102
12002,CNB,4,7,0,Foggy,2,91
12002,DDU,3,3,0,Foggy,6,61
120010,NDLS,4,11,0,Rainy,5,44
12006,BSB,4,9,0,Stormy,19,21
12004,LKO,4,10,0,Stormy,16,24
12002,DDU,2,6,0,Foggy,14,63
12001,PNBE,2,12,0,Clear,10,0
12004,PNBE,0,5,0,Stormy,2,18
12003,LKO,2,10,0,Clear,22,0
12007,CNB,3,9,0,Clear,2,0
12009,NDLS,0,2,0,Rainy,4,50
12001,LKO,4,5,1,Stormy,10,74
12009,CNB,1,4,0,Clear,6,34
12004,PNBE,3,3,0,Clear,13,22
12006,BSB,5,6,0,Foggy,8,77
12007,CNB,1,5,0,Stormy,23,1
12002,NDLS,0,9,0,Rainy,12,55
12005,BSB,6,6,0,Rainy,15,61
120010,CNB,0,12,0,Rainy,21,69
12004,HWH,3,9,0,Clear,22,5
12007,CNB,4,12,0,Foggy,17,81
12009,BSB,2,4,0,Foggy,22,32
12001,HWH,6,1,0,Clear,2,60
12003,NDLS,5,12,0,Clear,10,40
12005,CNB,3,2,0,Stormy,16,34
12008,LKO,4,3,0,Clear,3,0
12006,LKO,6,7,0,Clear,12,29
12008,CNB,2,9,0,Rainy,2,6
12004,PNBE,4,8,0,Clear,4,11
120010,HWH,2,1,0,Rainy,22,49
120010,HWH,3,9,0,Rainy,7,47
12003,CNB,2,9,0,Foggy,10,41
12002,LKO,1,5,0,Rainy,20,39
12004,LKO,6,2,0,Stormy,17,44
120010,HWH,0,3,0,Foggy,5,116
12001,LKO,4,4,0,Foggy,10,117
12009,NDLS,3,4,0,Stormy,3,13
120010,PNBE,5,11,1,Rainy,2,100
12005,HWH,5,5,0,Stormy,1,43
12004,PNBE,3,6,0,Foggy,13,63
12004,LKO,4,7,0,Rainy,10,34
12009,HWH,4,4,0,Clear,8,33
12004,CNB,1,12,0,Rainy,17,47
12007,PNBE,6,9,0,Stormy,12,28
12009,HWH,3,12,0,Clear,2,12
12002,NDLS,2,10,1,Foggy,3,120
12003,BSB,4,7,0,Clear,7,28
12003,LKO,3,11,0,Stormy,22,13
12003,HWH,3,3,0,Clear,22,5
12005,DDU,1,2,0,Clear,19,28
12004,BSB,1,5,0,Stormy,12,23
12004,BSB,1,10,0,Clear,20,9
12001,PNBE,5,4,0,Stormy,21,12
120010,BSB,3,2,0,Clear,15,37
12006,DDU,5,8,0,Foggy,4,94
12004,NDLS,6,4,0,Stormy,6,30
12003,NDLS,0,4,0,Stormy,0,32
12003,LKO,3,3,0,Clear,7,3
12004,NDLS,1,1,0,Foggy,17,86
12006,NDLS,0,3,0,Stormy,3,15
12002,PNBE,5,11,0,Clear,19,63
12003,NDLS,2,10,0,Clear,8,29
12006,HWH,5,9,0,Rainy,20,53
12008,DDU,4,10,0,Stormy,14,16
12005,LKO,1,10,0,Stormy,9,14
12004,NDLS,0,2,0,Rainy,19,28
12006,NDLS,1,6,0,Foggy,21,86
12004,CNB,6,11,0,Clear,14,41
12004,LKO,5,12,0,Stormy,6,40
12003,HWH,6,6,0,Clear,17,45
12002,LKO,4,9,0,Foggy,5,107
12008,BSB,4,12,1,Stormy,0,95
12003,HWH,5,6,0,Stormy,0,61
120010,DDU,2,2,0,Rainy,9,52
12006,LKO,0,3,0,Rainy,0,27
12001,PNBE,1,6,0,Rainy,10,25
12009,HWH,3,7,0,Foggy,6,129
12001,CNB,4,12,0,Foggy,10,118
120010,HWH,5,6,0,Stormy,19,60
12007,DDU,4,8,0,Rainy,21,21
12009,PNBE,1,2,0,Clear,6,23
12006,LKO,2,9,0,Foggy,15,69
12007,PNBE,6,3,0,Clear,16,67
12002,NDLS,6,3,0,Clear,1,45
12002,NDLS,6,6,0,Rainy,12,83
12006,HWH,2,3,0,Clear,5,32
12005,BSB,5,1,1,Stormy,14,96
120010,HWH,1,5,0,Clear,20,29
12003,DDU,4,11,0,Clear,0,15
12003,PNBE,6,11,0,Rainy,3,60
120010,LKO,3,11,0,Foggy,13,85
12005,CNB,6,1,0,Clear,12,16
12008,PNBE,1,3,0,Rainy,3,26
12001,DDU,6,7,0,Rainy,17,47
12009,NDLS,2,8,1,Rainy,9,102
12009,CNB,3,11,0,Clear,12,15
12006,NDLS,1,8,0,Clear,5,15
12008,DDU,0,10,0,Rainy,15,30
12002,CNB,6,9,0,Stormy,20,39
120010,HWH,2,8,0,Foggy,23,24
12004,NDLS,6,12,0,Stormy,23,44
12006,NDLS,4,11,0,Rainy,10,56
12007,CNB,0,6,0,Clear,0,8
12009,CNB,4,8,0,Stormy,12,26
12004,PNBE,5,6,1,Clear,2,49
12005,CNB,4,10,0,Foggy,13,106
12008,DDU,6,1,0,Foggy,5,123
12004,NDLS,3,9,0,Rainy,14,23
12003,LKO,6,9,0,Foggy,5,82
12001,LKO,4,8,0,Stormy,0,7
12008,BSB,5,5,0,Clear,21,25
12001,PNBE,0,11,0,Clear,0,9
12004,PNBE,2,4,1,Stormy,22,34
12006,CNB,4,8,0,Foggy,5,131
12003,BSB,6,9,0,Rainy,21,55
120010,PNBE,4,11,0,Stormy,23,0
120010,LKO,1,11,0,Clear,2,5
12003,PNBE,6,2,0,Rainy,17,51
12001,LKO,3,2,0,Rainy,12,48
12008,CNB,4,10,0,Stormy,4,12
12008,PNBE,1,3,0,Stormy,4,18
12008,NDLS,6,11,0,Foggy,16,131
120010,HWH,5,4,0,Foggy,23,150
12002,DDU,0,5,0,Foggy,11,87
12001,PNBE,1,1,0,Clear,23,17
12003,NDLS,5,7,0,Stormy,15,46
12006,PNBE,6,10,0,Clear,7,40
120010,LKO,0,6,0,Clear,3,13
12009,HWH,2,11,0,Clear,14,0
12003,NDLS,5,9,0,Clear,4,41
12008,NDLS,1,1,0,Clear,14,1
12002,LKO,2,7,0,Rainy,9,37
12005,BSB,0,1,0,Stormy,2,14
12003,HWH,4,6,0,Stormy,15,23
12008,NDLS,0,8,0,Rainy,15,34
12008,LKO,0,2,0,Stormy,9,23
12008,PNBE,4,11,0,Clear,2,11
12002,NDLS,5,3,0,Clear,0,29
12006,NDLS,3,5,1,Stormy,8,48
12007,NDLS,0,10,0,Foggy,23,53
12001,LKO,1,7,0,Clear,4,0
12004,CNB,0,2,0,Stormy,13,8
12002,DDU,5,3,1,Clear,21,76
120010,NDLS,5,6,0,Foggy,0,66
12004,LKO,5,8,0,Stormy,15,32
12001,CNB,3,12,0,Foggy,19,109
12009,DDU,6,5,0,Rainy,11,53
12008,PNBE,0,10,0,Stormy,7,31
12006,CNB,5,6,0,Foggy,6,109
12002,HWH,6,3,1,Foggy,14,115
12005,NDLS,4,9,0,Stormy,15,22
12005,NDLS,1,7,0,Clear,23,0
12005,NDLS,0,9,0,Stormy,12,4
120010,BSB,5,11,0,Stormy,11,16
12007,PNBE,5,7,0,Clear,23,40
12002,BSB,2,11,0,Rainy,19,61
12007,PNBE,1,5,0,Rainy,23,35
12008,PNBE,1,4,0,Rainy,1,70
12008,BSB,2,3,0,Rainy,20,18
12009,DDU,5,7,0,Stormy,12,31
12003,BSB,2,3,0,Foggy,2,93
12004,HWH,4,5,0,Rainy,10,15
12009,BSB,0,1,0,Clear,9,9
12006,NDLS,2,9,0,Stormy,23,0
12006,BSB,3,4,0,Stormy,7,20
12002,BSB,2,10,0,Rainy,22,53
12002,BSB,0,6,0,Stormy,21,0
120010,CNB,0,3,0,Stormy,9,24
12008,NDLS,6,7,0,Stormy,11,19
12002,HWH,4,7,0,Clear,15,6
12007,NDLS,5,4,0,Clear,15,15
12006,LKO,1,4,0,Rainy,22,38
12008,BSB,0,2,0,Stormy,0,0
12006,NDLS,3,11,0,Foggy,18,87
12009,HWH,1,12,0,Rainy,19,18
12003,BSB,6,9,0,Foggy,17,104
12008,NDLS,1,8,0,Clear,2,13
12008,DDU,3,11,0,Clear,13,1
12001,BSB,0,3,0,Rainy,11,79
12006,CNB,1,7,0,Clear,21,25
12009,DDU,6,6,0,Rainy,7,59
12004,HWH,3,2,0,Rainy,17,8
12002,DDU,3,12,0,Stormy,1,0
12004,PNBE,3,4,0,Foggy,20,81
12008,HWH,5,7,0,Rainy,21,63
12001,HWH,5,10,0,Foggy,17,92
120010,HWH,1,7,0,Rainy,0,30
12008,NDLS,4,5,0,Rainy,22,38
12003,NDLS,0,6,0,Foggy,22,87
12005,HWH,5,5,0,Clear,0,57
120010,LKO,0,11,0,Clear,1,13
12005,CNB,2,10,0,Rainy,3,24
12002,BSB,0,9,0,Stormy,10,28
12009,NDLS,4,5,0,Stormy,23,22
12004,LKO,1,1,0,Foggy,0,104
12001,BSB,1,11,0,Foggy,0,34
12007,LKO,0,1,0,Clear,21,19
12009,DDU,6,9,0,Clear,6,24
12006,PNBE,4,2,1,Clear,11,47
12009,CNB,1,5,0,Clear,2,19
12002,PNBE,6,7,0,Rainy,9,96
12003,DDU,6,3,0,Clear,10,52
12007,CNB,3,4,0,Foggy,1,135
12007,LKO,0,11,0,Foggy,2,70
12007,NDLS,0,7,0,Stormy,3,11
120010,NDLS,5,2,0,Foggy,9,148
12004,HWH,5,8,0,Foggy,22,102
12002,HWH,5,3,0,Clear,2,27
12007,LKO,5,11,0,Rainy,19,73
12009,PNBE,6,5,0,Rainy,8,65
12001,DDU,1,2,0,Rainy,5,14
12008,DDU,2,1,0,Stormy,18,0
12003,LKO,6,8,0,Rainy,13,54
12007,NDLS,1,5,1,Foggy,0,104
12009,NDLS,5,1,0,Rainy,7,30
12007,DDU,0,1,0,Rainy,3,46
12004,BSB,1,2,0,Foggy,15,88
12005,NDLS,3,6,0,Stormy,11,17
12007,LKO,4,2,0,Clear,5,8
12008,CNB,2,12,0,Foggy,14,84
12005,LKO,6,2,0,Rainy,19,45
12006,LKO,3,5,0,Foggy,22,77
12007,NDLS,3,2,0,Rainy,0,77
12008,PNBE,1,6,1,Rainy,15,77
12005,HWH,4,10,0,Rainy,2,23
12009,LKO,0,8,0,Clear,14,2
12004,BSB,5,8,0,Clear,2,17
12007,CNB,6,10,0,Foggy,22,157
12009,LKO,4,6,0,Foggy,11,143
12003,NDLS,1,7,0,Stormy,0,5
12009,LKO,3,4,0,Stormy,0,20
12005,DDU,1,5,0,Clear,4,0
12005,HWH,2,3,0,Clear,0,13
12008,DDU,4,9,0,Clear,2,38
12007,NDLS,3,3,0,Clear,0,19
12005,HWH,5,11,0,Foggy,1,149
12002,NDLS,1,3,1,Rainy,12,83
12001,NDLS,5,11,0,Clear,15,35
12002,LKO,0,5,0,Foggy,12,116
12005,LKO,1,1,1,Clear,11,16
12006,NDLS,5,3,0,Rainy,19,60
12007,PNBE,6,2,0,Rainy,10,66
12004,HWH,1,3,0,Stormy,8,30
12009,NDLS,3,3,0,Clear,7,0
12002,BSB,2,9,0,Foggy,9,110
12007,PNBE,4,7,1,Foggy,11,164
12005,PNBE,2,12,0,Stormy,3,33
12005,PNBE,2,8,1,Stormy,4,78
12006,DDU,3,11,0,Stormy,17,8
12009,HWH,1,10,0,Foggy,20,95
120010,DDU,4,8,0,Foggy,21,121
12008,CNB,6,6,0,Clear,4,45
12005,PNBE,0,8,0,Foggy,15,51
12004,BSB,3,10,0,Clear,8,0
120010,LKO,6,5,0,Rainy,6,58
12005,CNB,2,9,0,Stormy,3,5
12007,CNB,4,2,0,Stormy,23,9
12002,HWH,3,3,0,Stormy,5,0
12006,DDU,2,8,0,Foggy,23,123
12002,PNBE,4,9,0,Stormy,4,27
12003,NDLS,2,12,0,Stormy,7,0
120010,BSB,1,2,0,Rainy,23,60
12009,LKO,4,11,0,Rainy,21,34
12002,LKO,3,2,0,Stormy,5,20
12004,HWH,4,11,0,Rainy,18,58
12001,NDLS,0,3,0,Foggy,23,84
12003,HWH,1,1,0,Foggy,8,57
12007,BSB,3,12,0,Rainy,3,33
12003,BSB,4,3,0,Stormy,18,25
12001,HWH,3,1,1,Rainy,3,80
120010,PNBE,5,5,0,Stormy,9,24
12008,HWH,4,10,0,Clear,11,23
12002,LKO,6,3,0,Clear,23,33
12002,BSB,4,5,1,Stormy,5,74
12005,CNB,2,4,0,Stormy,7,0
12001,PNBE,6,2,0,Foggy,0,138
12005,PNBE,3,10,0,Stormy,7,10
12009,DDU,2,6,0,Rainy,21,40
12001,DDU,1,8,0,Rainy,19,31
12003,DDU,2,6,0,Stormy,3,24
120010,HWH,2,8,0,Foggy,19,100
12008,DDU,3,3,0,Stormy,15,18
12009,PNBE,4,11,0,Stormy,12,0
12008,NDLS,3,12,0,Stormy,10,0
12002,PNBE,4,8,0,Stormy,8,5
12006,NDLS,0,1,0,Clear,18,10
12007,DDU,0,2,0,Clear,2,16
12002,LKO,5,5,0,Foggy,22,113
12005,BSB,3,4,1,Clear,20,68
12005,HWH,3,4,0,Rainy,12,34
12005,HWH,6,7,0,Rainy,21,77
12008,LKO,0,4,0,Rainy,7,42
12003,PNBE,5,12,0,Clear,4,31
12008,PNBE,4,11,0,Clear,0,9
12004,HWH,4,1,0,Stormy,23,8
12001,BSB,2,5,0,Rainy,17,58
12009,CNB,1,2,0,Rainy,15,17
12002,CNB,6,3,0,Stormy,7,22
12008,PNBE,5,5,0,Stormy,4,15
12007,HWH,1,6,0,Clear,7,23
12002,NDLS,0,9,0,Foggy,1,141
12004,NDLS,6,12,0,Stormy,17,32
12004,CNB,4,5,0,Foggy,3,70
12005,HWH,1,12,0,Stormy,8,15
12002,NDLS,6,8,1,Foggy,14,150
12005,NDLS,6,5,0,Rainy,22,40
12003,BSB,5,8,0,Stormy,2,30
12004,PNBE,0,12,0,Stormy,19,20
12001,DDU,5,3,0,Foggy,0,89
12004,NDLS,2,5,0,Foggy,22,93
12003,CNB,4,7,0,Clear,22,6
120010,HWH,4,12,0,Stormy,3,24
12006,NDLS,4,8,0,Rainy,23,29
12003,LKO,3,3,0,Foggy,22,105
12007,PNBE,4,10,0,Rainy,15,44
12005,PNBE,3,10,0,Foggy,4,58
12005,NDLS,2,6,0,Rainy,12,30
12003,DDU,1,4,0,Rainy,13,60
12009,CNB,3,7,0,Rainy,7,38
12007,HWH,4,9,0,Foggy,8,97
12001,CNB,1,1,1,Rainy,20,110
12008,PNBE,2,6,0,Clear,11,0
12009,CNB,5,4,0,Clear,17,35
12008,CNB,6,7,0,Clear,3,22
12006,HWH,1,2,0,Stormy,5,13
12007,LKO,1,11,0,Clear,4,0
12002,PNBE,6,12,0,Rainy,4,55
120010,HWH,0,4,0,Clear,1,23
12002,HWH,6,9,0,Foggy,9,86
12006,HWH,0,5,0,Rainy,21,43
12007,NDLS,1,9,0,Foggy,4,155
120010,NDLS,0,2,0,Rainy,8,65
12007,DDU,6,3,0,Rainy,1,45
120010,LKO,5,3,0,Foggy,12,69
12009,LKO,1,8,0,Rainy,1,43
12004,CNB,0,11,0,Stormy,19,3
12005,BSB,5,2,0,Clear,23,33
12009,BSB,3,10,0,Stormy,15,21
12004,PNBE,6,2,0,Foggy,4,78
120010,LKO,0,4,0,Rainy,13,57
12006,PNBE,1,9,0,Rainy,23,48
12008,HWH,4,6,0,Clear,12,5
12003,HWH,3,11,0,Rainy,21,62
120010,CNB,2,6,0,Clear,7,7
12002,DDU,4,9,0,Rainy,1,21
12005,LKO,0,2,0,Clear,2,16
120010,LKO,0,10,0,Stormy,11,10
12008,CNB,1,3,0,Rainy,3,29
12002,LKO,0,1,0,Clear,15,29
12003,LKO,2,8,0,Stormy,1,10
12003,NDLS,1,7,0,Rainy,12,39
12002,CNB,6,4,1,Stormy,23,77
120010,DDU,6,1,0,Clear,19,42
12006,BSB,1,2,1,Foggy,16,95
12006,HWH,5,6,0,Foggy,17,61
12001,HWH,3,11,0,Foggy,1,65
12006,DDU,4,2,0,Rainy,13,44
12009,CNB,0,5,0,Foggy,13,126
12005,HWH,2,2,0,Stormy,8,15
12005,CNB,0,9,1,Rainy,7,80
120010,LKO,1,2,0,Clear,12,26
120010,CNB,3,7,0,Foggy,5,129
12005,NDLS,1,8,0,Foggy,3,108
12003,HWH,2,2,0,Stormy,2,37
12008,LKO,5,12,0,Rainy,22,40
12005,LKO,4,9,0,Clear,22,42
12008,CNB,6,1,0,Clear,15,30
12004,CNB,1,4,0,Rainy,17,27
12006,NDLS,5,7,0,Clear,22,31
12001,LKO,2,6,1,Clear,15,35
12004,PNBE,1,11,0,Stormy,9,0
12003,CNB,0,8,0,Clear,19,23
120010,DDU,4,9,0,Rainy,22,58
12002,LKO,6,9,0,Clear,8,41
120010,CNB,5,4,1,Stormy,20,69
120010,HWH,3,6,0,Clear,5,28
12006,BSB,3,10,0,Rainy,8,50
12005,CNB,6,2,0,Foggy,6,89
12002,BSB,4,8,0,Stormy,10,8
12001,HWH,2,10,0,Rainy,12,45
12002,DDU,6,5,0,Rainy,21,72
12001,NDLS,4,9,0,Rainy,11,53
12009,BSB,3,4,0,Clear,1,0
12004,HWH,1,8,1,Foggy,20,125
12002,HWH,1,1,1,Clear,18,82
12004,BSB,5,4,0,Clear,23,28
12006,NDLS,3,3,0,Clear,23,36
12009,DDU,2,1,0,Clear,12,0
12008,BSB,4,9,0,Rainy,13,52
12001,HWH,1,10,0,Rainy,6,30
12003,LKO,2,5,1,Foggy,21,80
12003,NDLS,3,12,0,Foggy,22,119
12001,HWH,0,1,0,Foggy,20,127
12009,LKO,6,3,0,Foggy,16,134
12009,PNBE,1,10,0,Stormy,10,0
12002,NDLS,6,12,0,Clear,10,36
12001,NDLS,3,10,0,Rainy,8,48
12004,LKO,0,11,0,Foggy,5,116
12009,BSB,1,12,1,Clear,1,40
12002,BSB,0,4,1,Stormy,3,77
12005,CNB,5,2,0,Stormy,13,38
12003,NDLS,3,2,0,Clear,13,33
120010,CNB,5,5,0,Rainy,21,31
12004,CNB,3,2,0,Rainy,6,8
12001,BSB,3,2,0,Clear,16,36
12007,LKO,0,10,0,Clear,10,3
12003,LKO,5,9,0,Clear,4,34
12004,NDLS,2,3,0,Clear,8,0
12009,NDLS,1,6,0,Clear,3,8
12004,PNBE,1,11,0,Foggy,23,148
12008,DDU,5,3,0,Stormy,18,28
12008,LKO,6,6,0,Foggy,17,106
12003,BSB,2,5,0,Foggy,9,55
12001,CNB,5,11,0,Stormy,5,33
12002,BSB,6,12,0,Rainy,6,60
12006,HWH,6,6,0,Stormy,10,25
12004,BSB,3,12,0,Stormy,20,12
120010,BSB,0,8,1,Rainy,1,83
12005,DDU,2,1,0,Foggy,20,24
12001,DDU,2,11,0,Foggy,16,75
12007,DDU,4,4,0,Foggy,20,61
12005,LKO,2,8,0,Rainy,13,29
12007,LKO,6,4,0,Clear,0,8
12003,CNB,0,11,0,Foggy,18,84
12002,DDU,4,3,0,Stormy,5,33
120010,PNBE,2,6,0,Rainy,0,40
12003,HWH,5,10,0,Foggy,3,146
12004,PNBE,6,8,1,Clear,3,75
12007,NDLS,3,5,0,Foggy,7,40
12003,BSB,2,2,0,Foggy,15,121
12001,NDLS,5,11,0,Rainy,17,48
12002,BSB,1,12,1,Foggy,0,94
12002,CNB,2,2,0,Stormy,22,3
12004,PNBE,1,3,1,Stormy,19,37
12007,PNBE,6,5,0,Foggy,12,107
12001,HWH,0,7,0,Clear,17,7
12001,PNBE,3,6,0,Rainy,0,40
12005,CNB,5,11,0,Foggy,12,95
12006,LKO,3,11,0,Foggy,16,98
120010,NDLS,0,6,0,Clear,18,18
12008,BSB,6,4,1,Stormy,8,84
12008,NDLS,1,4,0,Foggy,16,106
12005,NDLS,4,2,0,Clear,12,17
12001,NDLS,3,4,0,Stormy,20,0
12008,LKO,3,5,0,Foggy,21,84
12006,DDU,6,6,0,Clear,19,32
12007,PNBE,3,4,0,Rainy,13,58
120010,CNB,5,3,0,Rainy,1,99
12003,PNBE,4,4,0,Rainy,22,54
120010,BSB,0,2,0,Stormy,4,29
12009,CNB,0,7,0,Clear,9,3
12007,NDLS,6,9,0,Rainy,6,80
12003,NDLS,3,1,0,Clear,13,0
12003,HWH,4,1,0,Rainy,21,67
12001,PNBE,5,12,0,Foggy,10,111
12009,NDLS,3,1,0,Stormy,8,19
12005,NDLS,1,12,0,Rainy,9,58
12002,LKO,2,2,0,Rainy,14,51
12005,DDU,1,11,0,Stormy,5,0
12008,LKO,6,3,0,Clear,8,35
12001,CNB,4,2,0,Foggy,12,84
12005,DDU,2,3,0,Rainy,4,67
12009,PNBE,3,8,0,Clear,10,0
12009,LKO,4,8,0,Stormy,23,26
12003,HWH,5,3,0,Foggy,2,125
12002,CNB,1,3,0,Stormy,16,32
12002,CNB,4,6,0,Foggy,19,89
12001,BSB,0,6,0,Stormy,6,1
12007,PNBE,5,12,0,Rainy,9,50
120010,DDU,1,6,0,Rainy,22,62
12007,BSB,5,12,0,Foggy,8,126
12005,LKO,3,4,0,Foggy,9,76
12003,PNBE,1,11,0,Stormy,20,8
12008,LKO,6,7,0,Rainy,14,44
12008,CNB,2,6,0,Clear,3,15
12005,HWH,1,3,0,Stormy,13,4
12004,BSB,3,8,0,Stormy,5,24
12002,LKO,5,2,0,Rainy,5,59
12009,BSB,4,8,0,Rainy,14,24
12009,PNBE,1,10,0,Rainy,20,40
12004,NDLS,0,11,0,Stormy,19,7
12003,HWH,6,7,0,Stormy,18,34
12004,NDLS,0,1,0,Clear,14,26
12005,NDLS,4,8,0,Stormy,20,0
12005,NDLS,4,3,0,Rainy,15,21
12007,HWH,4,3,0,Rainy,6,12
120010,CNB,4,5,0,Stormy,7,20
12004,DDU,5,2,0,Foggy,5,73
12003,PNBE,2,5,0,Stormy,7,10
12001,DDU,5,12,0,Stormy,9,35
12007,PNBE,4,3,0,Stormy,2,19
12006,BSB,6,6,0,Clear,9,54
12008,BSB,6,3,1,Rainy,16,125
12005,DDU,4,8,0,Stormy,12,3
12006,BSB,5,6,0,Stormy,18,15
12007,CNB,2,12,0,Stormy,7,27
120010,HWH,3,6,0,Foggy,17,91
12006,LKO,2,6,1,Stormy,15,61
12003,PNBE,5,8,0,Rainy,22,63
12001,HWH,1,4,0,Clear,21,0
12002,DDU,5,12,1,Foggy,3,114
12001,NDLS,1,9,0,Clear,5,12
12002,BSB,5,2,0,Stormy,13,25
12006,NDLS,4,10,0,Rainy,6,45
12004,DDU,3,4,0,Foggy,14,121
120010,PNBE,2,6,1,Clear,18,46
12004,NDLS,4,2,1,Clear,18,66
12001,HWH,5,3,0,Clear,11,17
12001,NDLS,5,11,0,Foggy,16,128
12004,NDLS,0,10,0,Stormy,3,25
12002,CNB,4,5,1,Foggy,13,111
12003,NDLS,2,3,0,Stormy,6,7
12003,NDLS,5,10,0,Clear,19,25
12002,CNB,5,7,0,Rainy,1,43
12006,CNB,5,1,0,Foggy,14,110
120010,LKO,6,3,0,Stormy,12,25
12006,NDLS,0,12,0,Rainy,23,25
120010,LKO,4,8,0,Stormy,1,0
12005,DDU,3,9,0,Stormy,15,9
12006,PNBE,2,4,0,Stormy,22,21
12003,DDU,3,7,1,Rainy,22,98
12001,PNBE,4,3,0,Clear,16,12
12003,DDU,1,3,0,Clear,8,31
12004,CNB,3,8,0,Foggy,3,100
120010,CNB,1,4,0,Rainy,10,28
12002,LKO,0,9,1,Rainy,20,96
12007,PNBE,2,8,0,Foggy,19,64
12004,HWH,0,11,0,Stormy,3,17
12007,NDLS,2,6,0,Foggy,17,56
12006,HWH,4,2,0,Foggy,18,50
12005,PNBE,3,8,0,Rainy,21,40
12007,BSB,3,8,1,Stormy,22,14
12009,PNBE,0,6,0,Foggy,8,100
12008,CNB,0,8,1,Rainy,13,75
12003,DDU,5,4,0,Clear,15,32
12004,HWH,3,5,0,Stormy,6,40
12003,CNB,4,8,0,Foggy,0,70
12005,CNB,4,9,0,Stormy,11,6
12002,DDU,5,7,0,Foggy,6,134
12002,BSB,0,9,0,Clear,18,21
12008,LKO,6,12,0,Foggy,9,140
12006,HWH,5,1,0,Stormy,19,58
12006,LKO,5,4,0,Foggy,17,127
12002,CNB,4,11,0,Stormy,0,4
12009,NDLS,2,3,0,Rainy,17,46
12003,LKO,1,2,0,Stormy,12,0
12003,HWH,3,10,0,Foggy,16,144
12007,HWH,2,7,0,Clear,19,18
12004,LKO,3,10,0,Rainy,0,50
12009,NDLS,3,5,0,Stormy,10,16
12006,NDLS,6,3,0,Stormy,11,13
12008,PNBE,1,2,1,Clear,16,50
12008,PNBE,4,8,0,Rainy,1,57
120010,LKO,1,5,0,Clear,20,28
12009,CNB,4,4,0,Foggy,12,63
12006,CNB,5,7,0,Rainy,9,64
12009,BSB,0,12,0,Foggy,4,50
12006,LKO,1,11,0,Clear,5,35
12009,HWH,2,11,0,Foggy,2,100
12005,HWH,4,2,0,Rainy,2,27
12005,DDU,6,9,0,Stormy,11,34
12003,PNBE,4,4,0,Stormy,21,10
12008,LKO,6,3,0,Stormy,10,41
12004,PNBE,4,4,0,Stormy,7,12
12007,BSB,2,2,0,Foggy,6,68
12006,NDLS,6,9,0,Rainy,10,62
120010,NDLS,2,8,0,Rainy,14,34
12005,BSB,2,11,0,Clear,0,18
120010,LKO,5,5,0,Clear,15,35
12009,CNB,4,10,0,Rainy,16,19
12003,NDLS,3,1,1,Rainy,21,89
12005,HWH,4,3,0,Foggy,3,54
12008,PNBE,5,11,1,Foggy,11,184
12004,BSB,1,11,0,Rainy,5,60
12001,DDU,6,3,0,Rainy,1,96
12004,CNB,4,8,1,Stormy,3,35
12005,BSB,5,2,0,Stormy,18,26
120010,PNBE,2,6,0,Stormy,14,15
12007,DDU,0,9,0,Clear,12,29
12004,LKO,1,12,0,Stormy,18,20
12006,CNB,0,7,0,Stormy,5,43
12003,NDLS,2,5,0,Rainy,2,17
120010,DDU,1,2,0,Foggy,5,44
12009,NDLS,2,12,0,Foggy,16,34
12007,BSB,5,2,0,Foggy,3,113
12009,BSB,6,10,0,Clear,6,31
12007,CNB,0,11,0,Clear,15,0
12007,BSB,3,12,0,Rainy,11,45
12005,HWH,2,11,0,Rainy,10,44
12007,HWH,3,9,0,Rainy,19,29
12005,BSB,0,5,0,Stormy,10,7
12004,DDU,5,11,0,Foggy,2,86
12002,PNBE,1,5,0,Rainy,17,66
12007,BSB,0,7,0,Rainy,20,42
12005,CNB,3,12,0,Rainy,23,19
120010,HWH,1,4,0,Stormy,2,11
12001,DDU,0,4,0,Stormy,7,30
120010,LKO,6,1,0,Foggy,20,150
12001,PNBE,4,9,0,Foggy,22,57
12008,LKO,1,8,1,Clear,19,35
12006,PNBE,2,1,0,Stormy,20,21
120010,LKO,5,4,0,Foggy,0,119
12008,DDU,6,5,1,Stormy,16,100
12004,DDU,5,10,0,Clear,23,26
12002,BSB,5,9,0,Rainy,14,24
12004,LKO,4,10,0,Stormy,8,17
12007,PNBE,1,10,0,Clear,3,24
12009,CNB,4,4,0,Rainy,11,18
12004,CNB,4,6,0,Clear,22,16
12009,BSB,2,10,0,Clear,0,25
12002,CNB,1,7,0,Foggy,15,66
12009,BSB,3,7,0,Foggy,1,118
12003,BSB,6,6,0,Rainy,1,54
12004,DDU,4,4,1,Rainy,7,108
120010,PNBE,3,4,0,Clear,2,0
12004,HWH,3,7,0,Foggy,5,79
12006,HWH,5,4,0,Stormy,1,65
12002,CNB,5,12,0,Stormy,16,21
12005,PNBE,5,10,0,Rainy,12,86
12004,BSB,1,3,0,Foggy,6,50
12008,BSB,3,6,0,Clear,2,29
12006,CNB,3,10,0,Foggy,21,104
12002,LKO,0,2,0,Foggy,6,76
12005,LKO,3,5,0,Foggy,17,94
12003,NDLS,3,11,0,Rainy,12,43
12002,PNBE,3,8,0,Stormy,12,23
12006,NDLS,0,8,1,Stormy,15,35
12007,NDLS,6,2,0,Foggy,15,70
12002,CNB,3,9,0,Rainy,6,18
12009,HWH,6,8,0,Clear,17,42
12004,HWH,6,10,1,Foggy,1,180
12005,NDLS,6,8,1,Rainy,23,100
12002,HWH,2,8,0,Stormy,15,28
12008,DDU,4,1,0,Foggy,21,63
12008,LKO,6,6,0,Stormy,7,43
12006,PNBE,4,11,0,Rainy,14,7
12007,HWH,4,4,1,Rainy,9,86
120010,CNB,3,7,0,Clear,10,44
12003,LKO,5,10,0,Foggy,21,140
12002,CNB,5,8,0,Clear,6,41
12009,NDLS,0,1,0,Rainy,4,49
12006,NDLS,2,12,0,Foggy,15,99
12005,DDU,4,8,0,Foggy,13,64
12007,PNBE,2,4,0,Foggy,4,39
12006,PNBE,4,8,0,Foggy,17,80
12001,PNBE,2,9,1,Rainy,19,75
12005,BSB,6,6,0,Clear,9,54
12001,BSB,0,6,0,Stormy,2,13
12005,BSB,6,9,0,Clear,10,37
12001,NDLS,3,7,0,Clear,8,0
12006,PNBE,0,8,0,Foggy,18,59
12001,CNB,4,6,0,Foggy,23,93
12007,PNBE,3,7,0,Foggy,2,82
12001,NDLS,1,7,0,Clear,21,19
12008,LKO,1,11,0,Stormy,8,0
12007,CNB,4,7,0,Rainy,14,25
12001,BSB,6,2,0,Foggy,0,88
12004,BSB,6,6,0,Stormy,22,19
12008,NDLS,0,12,1,Rainy,23,54
12003,DDU,2,7,0,Foggy,14,121
12003,NDLS,3,4,0,Rainy,0,41
12002,CNB,1,2,1,Stormy,9,32
12008,NDLS,4,6,0,Clear,3,0
12009,DDU,6,5,0,Stormy,8,22
12007,BSB,5,6,0,Rainy,14,76
12001,NDLS,6,3,0,Clear,10,54
12004,NDLS,3,3,1,Rainy,11,76
12009,PNBE,2,2,0,Stormy,9,23
12007,LKO,1,6,0,Stormy,4,14
120010,HWH,1,10,0,Rainy,3,39
12005,CNB,5,4,0,Foggy,18,139
12001,BSB,2,7,0,Stormy,6,14
12006,CNB,3,1,1,Foggy,17,175
120010,BSB,4,1,0,Stormy,7,31
12006,BSB,2,4,0,Rainy,21,30
12009,NDLS,5,7,0,Clear,4,11
12004,DDU,2,3,1,Clear,6,25
12009,LKO,1,1,0,Rainy,23,23
12002,HWH,6,6,0,Rainy,15,72
12004,LKO,1,10,0,Rainy,1,28
12004,PNBE,0,6,0,Stormy,5,19
120010,HWH,6,3,0,Stormy,21,39
12002,DDU,6,6,1,Foggy,23,88
12007,DDU,3,9,0,Rainy,8,6
12008,NDLS,0,9,0,Rainy,15,25
12009,LKO,3,11,0,Foggy,22,128
12001,DDU,5,3,0,Foggy,23,118
12002,HWH,2,5,1,Stormy,3,80
12002,DDU,6,3,0,Foggy,17,131
12006,LKO,3,8,0,Stormy,1,23
12009,DDU,4,11,0,Clear,21,17
12009,CNB,5,11,0,Clear,17,16
12007,CNB,1,6,0,Foggy,23,82
12002,CNB,4,10,1,Rainy,11,104
12002,DDU,6,10,0,Foggy,14,40
12001,NDLS,3,1,0,Clear,20,0
12006,PNBE,1,7,0,Rainy,17,19
120010,CNB,3,6,0,Foggy,12,109
120010,HWH,1,10,0,Rainy,5,57
12004,HWH,4,5,0,Clear,12,15
12005,PNBE,5,3,0,Rainy,15,34
12009,HWH,6,12,0,Rainy,5,32
12006,DDU,0,4,0,Foggy,14,53
12008,DDU,6,7,1,Clear,13,82
12002,LKO,0,11,0,Rainy,23,28
12006,CNB,3,8,0,Rainy,18,9
12003,NDLS,6,6,1,Clear,11,60
12005,DDU,1,4,0,Stormy,8,4
12007,HWH,0,7,0,Stormy,7,5
12002,HWH,6,6,1,Clear,20,97
12001,BSB,5,11,0,Rainy,1,62
12002,PNBE,2,5,0,Clear,12,3
12003,PNBE,0,6,0,Rainy,6,0
12009,PNBE,1,8,0,Clear,7,42
12002,LKO,2,7,0,Rainy,17,59
12006,LKO,4,12,0,Rainy,9,23
12002,NDLS,6,8,0,Rainy,21,78
12003,LKO,1,3,0,Foggy,23,87
12003,DDU,2,5,0,Stormy,20,0
120010,NDLS,2,2,0,Stormy,4,17
12003,LKO,6,4,0,Stormy,11,16
12003,PNBE,3,5,0,Foggy,16,97
12002,HWH,6,7,0,Rainy,2,61
12009,LKO,2,7,0,Clear,16,4
120010,CNB,1,2,0,Clear,1,12
12003,PNBE,5,2,0,Clear,17,50
120010,CNB,5,7,0,Rainy,0,35
12001,LKO,5,11,0,Clear,12,15
12003,BSB,2,8,0,Stormy,2,37
120010,CNB,2,12,0,Rainy,6,42
12002,CNB,6,8,1,Stormy,3,66
12007,DDU,3,9,0,Clear,4,17
12006,PNBE,3,8,0,Rainy,6,29
12009,HWH,0,8,0,Clear,22,4
12008,BSB,4,10,0,Foggy,20,67
12008,BSB,0,7,0,Foggy,17,112
12004,PNBE,3,6,0,Clear,21,7
12004,NDLS,0,12,0,Rainy,11,49
12007,BSB,2,8,0,Clear,11,16
12001,NDLS,1,7,0,Stormy,15,31
12005,NDLS,5,2,0,Stormy,13,28
12007,CNB,0,1,0,Stormy,6,29
12001,CNB,2,9,1,Foggy,22,149
12005,CNB,5,3,0,Stormy,6,58
12009,DDU,4,11,0,Stormy,18,35
12005,BSB,6,3,0,Foggy,10,89
120010,HWH,2,3,0,Foggy,3,149
12009,LKO,0,3,0,Foggy,20,102
12007,CNB,5,10,0,Clear,3,25
12004,CNB,5,4,0,Rainy,23,53
12004,DDU,1,1,0,Rainy,2,56
12008,LKO,4,12,0,Rainy,4,35
12004,LKO,6,10,0,Clear,4,54
12001,LKO,0,1,0,Foggy,3,101
12007,CNB,3,9,0,Clear,10,9
12007,DDU,1,10,0,Stormy,6,1
12005,LKO,2,7,0,Rainy,6,49
12001,HWH,2,4,0,Rainy,7,50
12003,BSB,0,5,0,Foggy,9,105
12002,PNBE,6,1,0,Rainy,2,43
12007,PNBE,1,6,0,Foggy,13,32
12002,NDLS,5,2,0,Clear,12,55
12001,PNBE,1,10,0,Rainy,2,59
12005,DDU,5,11,0,Rainy,21,63
120010,LKO,4,5,0,Foggy,4,77
12002,LKO,6,3,0,Rainy,7,72
12001,PNBE,4,9,0,Foggy,8,121
12008,CNB,3,8,0,Clear,7,16
12007,HWH,1,4,0,Foggy,9,102
12007,CNB,5,8,0,Clear,17,21
12006,LKO,5,4,0,Foggy,13,112
12007,LKO,4,9,0,Rainy,4,45
12007,HWH,5,5,0,Foggy,0,106
12007,CNB,0,6,1,Foggy,4,195
12008,DDU,4,10,0,Foggy,14,98
12004,HWH,2,5,0,Clear,13,0
12004,PNBE,0,2,0,Foggy,4,74
12002,HWH,6,2,0,Rainy,12,77
12005,BSB,4,8,0,Foggy,13,136
120010,DDU,6,1,0,Clear,22,62
12003,HWH,5,7,1,Rainy,20,108
12003,PNBE,4,10,0,Clear,4,4
120010,DDU,5,10,0,Clear,22,22
12007,PNBE,1,5,0,Stormy,11,27
12001,NDLS,6,11,0,Foggy,21,148
12005,PNBE,4,12,0,Foggy,8,110
12007,HWH,6,6,0,Stormy,14,14
12007,CNB,5,2,0,Rainy,11,49
12005,HWH,1,12,0,Rainy,19,44
12006,CNB,5,4,0,Foggy,13,81
120010,CNB,5,5,0,Stormy,8,45
12009,PNBE,0,11,0,Stormy,6,16
120010,DDU,0,1,0,Foggy,14,72
12001,DDU,3,5,0,Stormy,4,12
12004,DDU,1,9,1,Clear,1,60
12006,PNBE,4,1,0,Foggy,20,108
12008,CNB,3,7,0,Clear,14,0
12007,LKO,5,10,0,Foggy,4,68
12003,CNB,2,3,0,Clear,14,15
120010,BSB,4,4,0,Clear,14,23
12005,NDLS,0,1,0,Stormy,15,7
12006,NDLS,6,11,0,Stormy,6,23
12002,BSB,0,1,0,Rainy,1,27
12008,DDU,6,6,0,Rainy,22,75
12002,LKO,6,3,0,Rainy,22,65
12005,BSB,2,2,0,Clear,5,16
12001,NDLS,6,8,0,Clear,2,35
12001,NDLS,2,2,0,Foggy,19,84
12002,PNBE,5,12,0,Foggy,5,134
12008,HWH,1,6,0,Rainy,0,42
12008,CNB,1,8,0,Stormy,20,15
120010,BSB,6,3,0,Foggy,10,116
12009,HWH,0,4,0,Rainy,23,46
12005,CNB,0,9,0,Clear,11,40
12007,CNB,3,10,0,Foggy,6,42
12005,LKO,4,8,0,Foggy,5,104
12003,PNBE,6,9,0,Clear,1,42
12008,HWH,0,4,0,Stormy,13,14
12001,PNBE,0,12,0,Rainy,14,57
120010,CNB,3,4,0,Rainy,5,45
12008,CNB,5,3,0,Foggy,4,78
12005,BSB,1,2,0,Rainy,12,41
12008,CNB,3,4,0,Stormy,16,9
12001,CNB,5,4,0,Clear,6,47
12003,HWH,5,8,1,Clear,5,66
12002,DDU,0,12,0,Rainy,15,66
12005,NDLS,5,6,0,Foggy,9,118
12004,CNB,4,3,0,Stormy,23,13
12004,BSB,1,7,0,Foggy,9,85
12009,NDLS,0,4,0,Foggy,3,117
12002,BSB,5,1,0,Foggy,3,103
12001,DDU,6,11,0,Rainy,6,69
12002,CNB,1,9,0,Stormy,3,29
12005,CNB,1,4,0,Stormy,6,5
12008,CNB,0,2,1,Stormy,19,41
12001,PNBE,1,1,0,Stormy,21,9
120010,BSB,6,1,0,Stormy,0,29
12006,BSB,6,6,0,Rainy,9,62
12006,HWH,3,6,0,Stormy,0,21
12004,DDU,2,2,0,Foggy,4,83
12001,CNB,5,12,0,Foggy,5,86
12008,PNBE,6,1,1,Rainy,19,114
12005,HWH,3,6,1,Foggy,14,211
12004,DDU,0,10,0,Foggy,3,129
12005,HWH,2,1,0,Stormy,1,27
12005,LKO,5,8,0,Stormy,19,39
12005,PNBE,5,12,0,Stormy,3,67
12004,BSB,0,4,0,Clear,3,0
12006,LKO,5,3,0,Rainy,2,36
12007,CNB,1,4,0,Stormy,11,3
12001,DDU,2,6,0,Foggy,14,142
12007,LKO,6,4,0,Rainy,17,74
12009,BSB,0,8,0,Clear,21,26
12006,BSB,6,4,0,Stormy,23,45
12009,NDLS,2,3,0,Clear,4,6
12009,BSB,0,9,0,Clear,6,1
12008,LKO,0,9,0,Foggy,7,58
12006,LKO,1,10,0,Stormy,9,20
12005,HWH,0,11,0,Clear,6,11
12007,NDLS,3,2,0,Clear,10,0
12004,LKO,1,4,0,Foggy,11,153
120010,LKO,0,5,0,Foggy,2,123
12001,HWH,5,11,0,Rainy,22,70
12007,HWH,1,5,0,Foggy,13,92
12006,NDLS,0,12,0,Clear,10,22
12009,LKO,0,7,0,Stormy,1,30
120010,NDLS,3,4,0,Rainy,0,49
12002,DDU,1,9,0,Clear,22,0
120010,NDLS,3,8,0,Foggy,17,90
12007,HWH,3,3,0,Foggy,21,91
12007,CNB,0,7,0,Rainy,3,26
12009,BSB,2,11,0,Stormy,0,11
12009,LKO,5,1,0,Rainy,3,73
12001,HWH,0,4,0,Foggy,5,142
12005,LKO,5,2,0,Foggy,2,52
12007,NDLS,3,2,0,Rainy,2,33
12008,BSB,2,7,1,Foggy,21,60
120010,NDLS,0,10,1,Clear,1,39
12007,NDLS,1,3,0,Clear,13,10
12005,HWH,3,6,1,Clear,23,82
12004,PNBE,4,9,0,Stormy,19,2
12007,BSB,5,3,0,Rainy,8,45
12009,HWH,2,4,1,Clear,2,82
12009,BSB,0,8,0,Stormy,16,1
12007,DDU,2,12,0,Clear,22,1
12009,DDU,6,6,0,Rainy,14,36
12003,PNBE,5,2,0,Stormy,13,31
12004,PNBE,6,1,0,Rainy,2,66
12007,PNBE,4,4,0,Rainy,9,52
12006,CNB,4,8,0,Rainy,10,49
12001,DDU,4,11,0,Rainy,13,45
12002,PNBE,3,1,0,Rainy,10,7
12003,PNBE,1,12,0,Clear,7,16
12001,PNBE,1,6,0,Foggy,8,108
12001,CNB,4,6,0,Foggy,10,127
12003,CNB,3,11,0,Foggy,20,132
12008,DDU,3,11,0,Foggy,21,77
12008,BSB,1,1,0,Stormy,21,22
12005,CNB,5,6,0,Clear,21,36
12007,DDU,1,12,0,Stormy,19,2
12005,LKO,0,10,0,Stormy,16,0
120010,LKO,2,12,0,Clear,0,32
12006,NDLS,3,12,0,Rainy,21,34
12002,DDU,1,9,0,Stormy,18,26
12008,PNBE,6,4,0,Clear,11,12
120010,DDU,3,8,0,Stormy,6,15
12005,BSB,0,9,0,Foggy,1,88
12008,BSB,6,8,0,Rainy,4,64
12006,NDLS,3,3,0,Rainy,21,57
12005,HWH,2,7,0,Rainy,21,62
12002,BSB,5,12,0,Stormy,15,25
12001,HWH,1,12,0,Clear,1,16
12003,DDU,0,10,0,Stormy,14,3
12006,BSB,5,12,0,Stormy,3,11
12004,PNBE,6,11,0,Stormy,12,32
12006,DDU,6,9,0,Clear,16,36
12008,PNBE,6,5,0,Rainy,23,28
12008,NDLS,2,10,0,Clear,11,22
12008,DDU,2,10,0,Stormy,6,25
12002,BSB,0,5,0,Rainy,16,50
12005,NDLS,5,4,0,Rainy,10,60
12008,LKO,4,1,0,Rainy,17,37
12008,CNB,2,7,0,Clear,9,4
12009,DDU,4,8,0,Clear,23,37
12005,DDU,0,2,0,Stormy,13,26
12003,DDU,0,11,0,Rainy,14,45
12006,BSB,0,1,0,Stormy,9,34
120010,LKO,2,3,0,Rainy,7,20
12002,HWH,0,2,0,Rainy,16,50
12008,LKO,1,2,0,Stormy,2,4
12007,LKO,4,9,0,Clear,23,27
12008,LKO,0,1,0,Foggy,16,75
12007,BSB,6,12,0,Foggy,21,125
120010,NDLS,1,5,0,Rainy,20,35
12007,PNBE,4,10,0,Clear,11,11
12004,CNB,2,12,0,Rainy,20,31
12005,PNBE,0,5,0,Stormy,0,19
12002,DDU,0,7,0,Stormy,21,23
120010,LKO,2,3,0,Stormy,16,13
12006,HWH,4,11,0,Stormy,21,24
12005,HWH,5,1,0,Foggy,20,152
12007,LKO,5,12,0,Stormy,18,39
12009,PNBE,4,7,0,Foggy,4,122
120010,HWH,2,7,0,Foggy,15,91
12005,BSB,2,2,0,Clear,18,20
12004,PNBE,3,4,0,Clear,12,17
12005,HWH,4,6,0,Stormy,0,0
12005,CNB,1,10,0,Rainy,8,29
12001,LKO,3,9,0,Stormy,10,16
120010,CNB,3,3,0,Rainy,23,69
12001,BSB,4,9,0,Foggy,8,45
12007,CNB,2,6,1,Foggy,13,135
12007,HWH,2,2,0,Stormy,17,5
12001,BSB,3,10,0,Foggy,17,75
12005,NDLS,5,3,0,Clear,9,31
120010,HWH,3,12,1,Rainy,18,88
12004,CNB,6,11,0,Rainy,7,52
12004,PNBE,4,2,1,Stormy,4,18
12002,DDU,4,8,0,Clear,22,18
12008,LKO,0,8,0,Foggy,14,128
12006,LKO,6,12,0,Clear,10,41
12007,DDU,6,6,0,Stormy,12,50
12002,LKO,4,11,0,Rainy,19,55
120010,PNBE,2,7,0,Foggy,14,54
12003,DDU,3,8,0,Stormy,14,24
12002,LKO,0,2,1,Rainy,10,97
12005,DDU,0,5,0,Rainy,1,22
12003,CNB,3,1,0,Foggy,11,120
12002,NDLS,3,5,0,Rainy,14,31
12007,BSB,3,6,0,Foggy,19,74
12001,PNBE,3,11,0,Stormy,9,18
120010,NDLS,3,12,1,Rainy,0,94
120010,CNB,0,7,0,Rainy,15,23
12008,CNB,0,6,0,Rainy,15,25
12004,PNBE,3,8,0,Foggy,2,125
12002,HWH,5,6,0,Rainy,5,63
12008,DDU,0,8,1,Stormy,7,57
12004,NDLS,4,2,0,Foggy,16,113
120010,NDLS,0,6,1,Clear,10,60
12006,BSB,4,10,0,Rainy,1,44
12005,DDU,2,5,0,Rainy,23,33
12002,NDLS,1,11,0,Rainy,16,25
12005,NDLS,1,2,0,Stormy,2,0
12001,CNB,3,9,0,Rainy,5,59
12009,HWH,4,1,0,Stormy,19,24
12008,BSB,4,4,0,Foggy,5,141
12001,NDLS,6,3,0,Clear,12,40
12004,LKO,6,8,0,Rainy,17,29
12008,CNB,2,7,0,Stormy,16,15
120010,CNB,4,9,0,Stormy,20,12
12001,BSB,4,5,0,Foggy,1,68
12001,NDLS,3,7,0,Rainy,11,46
12009,BSB,2,9,0,Rainy,18,4
12008,DDU,6,2,0,Foggy,0,60
12001,CNB,0,12,0,Stormy,8,0
12005,CNB,6,1,0,Clear,9,49
12007,NDLS,2,2,0,Stormy,8,19
12004,NDLS,3,10,0,Stormy,22,31
12005,LKO,0,5,0,Stormy,18,0
12002,LKO,3,8,0,Foggy,9,123
12004,NDLS,5,12,0,Foggy,12,171
120010,PNBE,5,9,0,Rainy,10,92
12001,CNB,0,7,0,Clear,15,0
12007,DDU,2,12,0,Stormy,11,21
12008,PNBE,0,9,1,Foggy,23,145
12007,PNBE,0,7,0,Foggy,20,89
12005,HWH,1,10,0,Stormy,10,25
120010,NDLS,5,6,0,Clear,0,47
12002,LKO,6,11,0,Clear,21,17
12004,PNBE,0,9,0,Clear,3,22
12007,NDLS,1,5,0,Rainy,21,21
12005,NDLS,3,8,0,Rainy,7,53
12007,PNBE,4,2,0,Clear,11,12
12003,NDLS,0,8,0,Stormy,2,22
12004,HWH,2,11,0,Stormy,17,0
12001,DDU,0,4,0,Stormy,21,40
12007,CNB,3,6,0,Rainy,10,29
120010,BSB,2,9,0,Rainy,0,58
12008,PNBE,6,6,0,Stormy,4,41
12004,NDLS,3,10,0,Clear,16,8
12008,LKO,2,2,0,Stormy,14,29
12001,PNBE,6,1,0,Foggy,3,63
12003,HWH,5,9,0,Rainy,13,67
12004,CNB,0,9,0,Stormy,19,10
12006,CNB,0,3,0,Clear,4,28
12005,HWH,4,6,0,Clear,3,15
12008,DDU,0,3,0,Clear,18,0
12007,HWH,4,6,0,Stormy,10,38
12003,DDU,5,8,0,Clear,11,8
12008,PNBE,6,11,0,Rainy,7,48
12007,NDLS,6,3,0,Foggy,9,99
12003,NDLS,1,4,0,Clear,1,14
12007,NDLS,3,4,0,Clear,6,9
12008,DDU,5,8,0,Rainy,5,81
12009,NDLS,4,11,0,Rainy,8,43
12006,LKO,3,2,0,Rainy,9,55
12005,CNB,6,6,0,Foggy,21,86
12003,HWH,0,6,0,Clear,13,4
12005,LKO,6,11,0,Stormy,11,30
12009,DDU,3,9,0,Clear,21,18
12001,PNBE,3,3,0,Stormy,6,10
12005,CNB,1,10,0,Clear,1,26
12009,BSB,3,10,0,Foggy,10,134
12005,DDU,2,8,1,Rainy,23,65
120010,BSB,4,1,0,Rainy,2,45
120010,LKO,0,5,0,Clear,8,32
12004,PNBE,1,7,0,Clear,14,0
12003,DDU,1,12,0,Stormy,20,9
12008,BSB,4,2,0,Stormy,4,22
12004,BSB,2,4,0,Stormy,10,38
12009,BSB,3,4,0,Rainy,14,44
12001,NDLS,4,5,1,Clear,4,74
12008,HWH,1,10,0,Clear,17,7
12006,DDU,5,9,0,Rainy,1,82
120010,PNBE,5,7,0,Foggy,14,83
12007,CNB,5,1,0,Foggy,18,121
12004,DDU,3,3,0,Foggy,21,135
12009,LKO,5,6,0,Clear,3,22
12008,HWH,5,6,0,Foggy,23,95
12001,DDU,2,12,0,Rainy,10,68
12006,LKO,3,11,0,Stormy,10,32
12003,DDU,5,2,0,Stormy,6,28
12005,PNBE,5,8,0,Foggy,0,80
12001,PNBE,4,4,1,Clear,13,70
12003,BSB,3,4,1,Clear,5,83
12004,NDLS,3,10,0,Rainy,20,51
12007,HWH,5,12,0,Rainy,17,37
120010,BSB,6,8,0,Stormy,3,40
12007,LKO,5,6,0,Rainy,1,70
12008,BSB,1,4,1,Foggy,7,131
12009,BSB,6,6,0,Clear,12,28
12005,CNB,4,4,0,Clear,9,31
12009,LKO,0,6,0,Foggy,2,92
12004,HWH,4,6,0,Stormy,4,19
12004,PNBE,1,7,0,Stormy,21,20
12001,DDU,1,4,0,Rainy,2,41
12002,PNBE,5,4,0,Stormy,20,48
12003,LKO,2,10,0,Stormy,20,22
120010,CNB,3,9,1,Foggy,11,137
12002,LKO,6,5,0,Stormy,2,32
12005,NDLS,6,1,0,Foggy,0,148
12004,PNBE,0,10,0,Clear,6,0
12002,NDLS,6,1,0,Rainy,19,72
12001,NDLS,2,11,0,Foggy,10,90
12006,BSB,5,12,0,Rainy,17,55
12009,LKO,0,2,1,Clear,5,63
120010,NDLS,5,1,0,Rainy,15,54
12005,PNBE,0,12,0,Foggy,0,103
12009,HWH,2,7,0,Rainy,22,39
12004,CNB,4,6,0,Foggy,21,77
12009,LKO,2,2,0,Foggy,14,46
12003,LKO,1,12,0,Rainy,4,17
120010,HWH,3,2,0,Foggy,8,107
12007,HWH,5,8,0,Foggy,0,56
12005,LKO,3,11,0,Stormy,14,40
12006,DDU,4,10,0,Foggy,4,91
12007,HWH,1,3,0,Clear,19,18
12008,CNB,5,5,0,Foggy,18,95
12001,HWH,2,1,0,Stormy,10,2
12009,HWH,0,5,0,Foggy,5,87
120010,DDU,0,4,0,Foggy,11,69
12006,LKO,4,7,0,Stormy,23,18
12003,DDU,3,2,1,Stormy,11,24
12004,PNBE,5,3,0,Foggy,2,136
12009,HWH,5,5,0,Clear,0,34
12003,NDLS,2,8,0,Rainy,8,72
12009,LKO,5,3,0,Foggy,18,120
12004,BSB,2,9,0,Rainy,10,25
120010,BSB,2,11,1,Rainy,10,82
120010,CNB,4,2,0,Clear,7,27
12006,PNBE,5,12,0,Foggy,10,42
12003,NDLS,3,11,0,Clear,5,0
12003,PNBE,0,2,0,Stormy,19,8
12008,NDLS,5,12,0,Stormy,2,32
12006,CNB,6,9,0,Stormy,19,34
12006,NDLS,1,5,0,Stormy,2,19
12007,HWH,5,5,0,Rainy,13,45
120010,HWH,1,8,1,Clear,10,48
12004,NDLS,2,1,0,Stormy,12,12
120010,PNBE,6,11,1,Foggy,12,162
12008,DDU,0,11,0,Clear,2,0
12006,CNB,1,6,0,Rainy,0,67
12003,LKO,5,1,0,Stormy,0,9
120010,LKO,0,1,0,Clear,23,8
120010,BSB,3,4,0,Clear,18,13
12001,BSB,3,3,0,Foggy,5,124
12001,CNB,5,9,0,Rainy,9,39
12009,NDLS,1,12,0,Clear,0,21
12005,HWH,6,8,0,Clear,4,22
12009,LKO,1,5,0,Rainy,23,62
12009,HWH,6,2,0,Rainy,6,97
12002,CNB,3,9,0,Foggy,21,43
12008,LKO,4,11,0,Rainy,15,50
12006,DDU,2,2,0,Rainy,5,62
120010,LKO,5,6,0,Stormy,12,38
12006,NDLS,2,11,0,Foggy,17,111
12004,LKO,4,7,0,Stormy,8,25
12007,LKO,5,1,0,Stormy,20,30
12009,PNBE,5,7,0,Clear,16,35
12006,DDU,5,10,0,Clear,6,43
12008,CNB,2,10,0,Clear,14,9
120010,LKO,2,3,0,Clear,4,13
120010,NDLS,6,1,0,Foggy,12,157
12005,CNB,5,11,0,Foggy,8,133
12009,DDU,2,1,0,Rainy,21,29
12006,LKO,0,8,0,Stormy,12,26
120010,DDU,1,6,0,Rainy,12,12
12008,NDLS,3,8,0,Stormy,10,17
12007,PNBE,4,10,0,Foggy,13,35
120010,DDU,1,4,0,Clear,23,12
12003,DDU,0,12,0,Stormy,11,15
12009,DDU,5,1,0,Foggy,14,83
12002,CNB,2,2,0,Rainy,20,54
12007,NDLS,0,12,0,Stormy,20,34
12009,NDLS,4,9,1,Rainy,6,96
120010,NDLS,6,6,0,Stormy,0,29
12007,HWH,4,4,0,Rainy,17,34
12001,BSB,0,5,0,Stormy,17,0
12002,PNBE,2,10,1,Rainy,14,73
12001,LKO,1,2,0,Stormy,4,0
12001,PNBE,2,8,0,Foggy,12,126
12002,PNBE,2,8,0,Clear,10,0
12007,HWH,3,2,0,Foggy,0,124
12005,CNB,5,6,0,Clear,2,27
12004,LKO,2,5,0,Rainy,1,40
12003,BSB,4,5,0,Foggy,4,119
12008,PNBE,1,12,0,Rainy,18,50
12005,LKO,4,5,0,Rainy,6,71
12008,DDU,3,9,0,Foggy,7,102
12009,NDLS,4,11,1,Stormy,19,49
12002,NDLS,0,8,0,Foggy,8,53
12002,BSB,5,4,0,Rainy,19,52
12002,CNB,1,9,0,Stormy,5,22
12009,PNBE,2,1,1,Stormy,22,77
120010,CNB,0,5,0,Clear,4,25
120010,DDU,4,11,1,Foggy,15,125
12004,CNB,3,8,0,Rainy,22,34
12007,NDLS,5,1,0,Stormy,1,22
12008,DDU,5,5,0,Clear,7,37
12008,CNB,6,11,0,Stormy,9,26
12002,PNBE,3,10,0,Foggy,11,55
12001,NDLS,1,6,1,Clear,2,68
12007,PNBE,1,2,0,Rainy,13,54
120010,PNBE,2,7,0,Clear,16,22
12004,BSB,4,9,0,Foggy,14,91
12009,LKO,3,10,0,Clear,6,30
12002,DDU,2,8,0,Stormy,18,40
12006,LKO,6,3,0,Stormy,4,43
12009,HWH,1,2,1,Stormy,13,48
12005,BSB,0,12,0,Foggy,15,55
120010,NDLS,5,3,0,Rainy,18,84
12003,DDU,2,4,0,Clear,11,3
12007,PNBE,1,8,0,Stormy,0,17
12007,DDU,0,11,0,Clear,15,33
12004,DDU,5,10,0,Stormy,11,39
12007,LKO,0,6,0,Rainy,12,41
12005,PNBE,0,3,0,Stormy,16,6
12004,CNB,6,6,0,Clear,2,35
12008,HWH,3,11,0,Foggy,6,134
12009,DDU,6,3,1,Stormy,14,83
12009,HWH,6,9,0,Rainy,13,37
12009,BSB,0,1,0,Rainy,7,68
120010,PNBE,3,11,1,Foggy,13,98
12008,HWH,4,1,0,Clear,15,1
12001,BSB,2,11,0,Foggy,20,65
12002,PNBE,3,5,1,Clear,23,67
12004,NDLS,0,1,0,Stormy,22,0
12002,NDLS,0,2,0,Foggy,15,126
12005,HWH,2,8,0,Foggy,18,64
12007,HWH,0,9,0,Stormy,17,8
12008,LKO,1,1,0,Foggy,15,84
12001,CNB,2,9,0,Rainy,21,38
12005,DDU,2,3,0,Clear,8,25
12002,NDLS,2,11,0,Rainy,3,33
12002,PNBE,5,6,0,Rainy,16,63
12001,LKO,2,8,0,Clear,14,12
12007,LKO,5,10,0,Rainy,3,73
12007,PNBE,1,5,0,Foggy,11,128
12001,NDLS,1,2,0,Foggy,18,68
120010,PNBE,3,7,0,Stormy,11,5
12003,HWH,0,5,0,Stormy,8,9
12003,BSB,1,4,0,Rainy,11,34
120010,HWH,3,11,0,Rainy,10,17
12009,PNBE,0,6,0,Rainy,9,63
12008,PNBE,4,4,0,Stormy,16,0
12009,PNBE,5,6,0,Rainy,3,55
12004,NDLS,1,10,0,Clear,10,11
12001,BSB,2,7,0,Rainy,5,43
12004,LKO,4,8,0,Clear,20,14
12002,HWH,6,1,0,Stormy,4,44
12006,NDLS,6,7,1,Clear,13,65
12006,BSB,6,10,0,Rainy,11,34
12008,HWH,4,4,0,Rainy,8,31
12006,CNB,4,3,0,Clear,1,15
12004,NDLS,4,5,0,Rainy,2,59
12008,NDLS,2,2,0,Foggy,11,127
120010,PNBE,4,11,0,Clear,19,4
12001,HWH,6,1,0,Rainy,11,60
12003,DDU,6,12,0,Stormy,11,31
12007,LKO,0,3,0,Rainy,20,37
12009,CNB,1,5,0,Stormy,23,25
12009,NDLS,2,10,0,Rainy,19,38
12001,DDU,6,7,0,Clear,10,40
12009,BSB,3,3,0,Stormy,4,10
12009,BSB,0,1,0,Foggy,9,82
12006,PNBE,3,10,0,Rainy,7,38
12003,NDLS,5,6,0,Clear,6,38
12007,LKO,6,12,0,Foggy,6,136
12006,PNBE,1,2,0,Foggy,1,79
12005,DDU,0,1,0,Foggy,19,28
12004,BSB,2,8,0,Stormy,6,16
120010,DDU,2,12,0,Stormy,11,36
12001,HWH,6,6,0,Stormy,18,31
12002,PNBE,2,5,0,Rainy,16,42
120010,NDLS,5,10,0,Foggy,19,100
12003,DDU,1,4,0,Rainy,4,41
12005,BSB,1,12,0,Clear,5,11
12009,DDU,4,10,0,Foggy,20,100
12005,CNB,5,10,0,Foggy,17,71
12002,HWH,6,6,0,Stormy,12,54
12008,NDLS,5,10,0,Foggy,11,103
12003,NDLS,1,9,0,Foggy,18,105
12006,PNBE,5,6,0,Rainy,22,86
12006,PNBE,5,6,0,Clear,8,8
12008,PNBE,4,2,0,Rainy,22,44
12001,LKO,1,11,0,Foggy,4,78
120010,CNB,5,11,0,Foggy,5,81
12002,CNB,6,3,0,Rainy,10,68
120010,DDU,2,3,0,Stormy,3,37
12002,CNB,6,3,0,Rainy,9,64
12004,CNB,1,9,0,Clear,23,21
12003,HWH,1,12,0,Rainy,6,44
12004,NDLS,2,2,1,Stormy,22,62
120010,LKO,3,7,0,Clear,0,30
12001,BSB,1,12,1,Rainy,4,42
12009,BSB,5,8,0,Rainy,16,71
120010,PNBE,4,4,0,Foggy,19,121
120010,BSB,1,5,0,Rainy,15,42
12005,BSB,2,3,0,Foggy,12,97
120010,LKO,5,10,0,Rainy,20,75
12004,CNB,1,5,0,Foggy,5,132
12003,CNB,5,9,0,Rainy,23,40
12009,NDLS,0,5,0,Rainy,6,16
120010,NDLS,5,9,1,Rainy,11,121
12008,HWH,0,3,0,Clear,15,11
12007,BSB,6,9,0,Rainy,5,78
12004,CNB,2,4,0,Clear,17,22
120010,HWH,2,10,0,Clear,0,31
12005,HWH,0,10,0,Rainy,6,44
12001,HWH,6,4,0,Rainy,17,43
12003,LKO,3,6,0,Rainy,20,17
12003,LKO,0,9,0,Clear,8,19
12003,CNB,1,7,0,Clear,15,0
12001,PNBE,5,1,0,Foggy,18,73
12004,NDLS,2,5,0,Rainy,17,33
12007,DDU,1,9,0,Stormy,6,0
12004,BSB,0,11,0,Stormy,12,26
12007,BSB,3,10,0,Rainy,17,39
12003,NDLS,0,9,0,Foggy,12,87
12004,HWH,4,12,0,Rainy,18,25
12004,BSB,2,11,0,Rainy,8,26
12004,NDLS,4,4,1,Rainy,18,102
12009,PNBE,5,1,0,Stormy,11,34
120010,DDU,0,3,1,Foggy,0,137
12001,CNB,2,2,1,Rainy,0,83
12002,CNB,0,7,0,Clear,14,1
12003,NDLS,3,8,0,Foggy,11,64
12002,NDLS,2,5,0,Stormy,21,5
12002,LKO,6,1,0,Clear,14,37
12004,NDLS,1,1,0,Stormy,18,5
12003,CNB,6,11,0,Foggy,9,97
12007,CNB,1,7,1,Stormy,4,61
12008,BSB,1,9,0,Clear,8,30
12005,HWH,4,1,0,Stormy,23,7
120010,HWH,0,12,0,Foggy,2,97
12008,NDLS,3,8,0,Rainy,4,29
12001,BSB,1,11,0,Clear,2,24
12002,BSB,6,8,0,Rainy,23,68
12003,PNBE,6,7,1,Clear,23,43
12003,NDLS,5,4,0,Stormy,9,37
12001,LKO,6,8,0,Rainy,1,64
12001,PNBE,4,11,0,Stormy,9,13
12003,DDU,0,4,0,Clear,20,42
12007,PNBE,0,10,0,Rainy,22,44
12001,BSB,6,3,1,Foggy,19,194
120010,CNB,0,6,1,Rainy,16,100
12002,LKO,6,11,0,Clear,13,54
12009,CNB,6,9,0,Stormy,12,21
12004,PNBE,4,11,0,Rainy,17,57
120010,NDLS,0,6,1,Foggy,3,100
12002,DDU,5,3,0,Foggy,14,67
12009,HWH,0,5,1,Clear,0,63
12002,CNB,2,9,0,Stormy,18,13
12007,CNB,4,6,0,Clear,8,18
12004,DDU,0,9,0,Foggy,8,52
12008,NDLS,6,12,0,Rainy,4,61
12009,CNB,0,7,0,Clear,11,7
12007,CNB,2,6,1,Rainy,7,87
12008,PNBE,4,7,0,Clear,23,11
12007,PNBE,5,3,0,Clear,1,35
12007,NDLS,4,2,0,Stormy,19,35
12004,NDLS,6,12,1,Foggy,15,108
12002,BSB,6,9,0,Stormy,21,43
12004,BSB,3,5,0,Rainy,11,50
12001,PNBE,6,12,0,Clear,13,51
12006,LKO,0,8,0,Stormy,18,44
12006,BSB,6,11,0,Rainy,22,41
12003,PNBE,0,2,0,Rainy,9,63
120010,LKO,6,7,0,Rainy,0,59
12001,CNB,1,8,0,Clear,14,23
12002,BSB,6,7,0,Stormy,3,19
12007,DDU,4,3,0,Rainy,8,60
12004,PNBE,0,3,0,Foggy,22,142
12005,CNB,1,5,0,Foggy,18,66
12003,PNBE,0,3,0,Rainy,23,57
12008,BSB,1,4,0,Rainy,18,55
12009,HWH,1,3,0,Clear,0,5
12006,DDU,2,1,0,Foggy,18,54
120010,LKO,3,5,0,Stormy,12,28
12006,HWH,1,11,0,Stormy,11,8
12001,NDLS,0,10,1,Foggy,0,117
12007,NDLS,0,5,0,Clear,13,15
12006,DDU,1,5,0,Foggy,5,121
12002,NDLS,3,2,0,Clear,20,4
12007,CNB,1,5,0,Rainy,8,62
12003,NDLS,5,8,0,Stormy,17,31
12005,DDU,1,10,0,Stormy,1,26
12006,DDU,5,5,0,Rainy,9,79
12001,NDLS,2,8,0,Foggy,21,117
12004,BSB,2,4,0,Stormy,12,12
120010,PNBE,0,12,0,Foggy,23,69
12009,PNBE,3,5,0,Stormy,20,6
12005,DDU,4,6,0,Foggy,2,68
12001,CNB,3,5,0,Clear,5,0
12008,DDU,6,2,0,Foggy,19,97
12004,LKO,1,9,0,Rainy,14,49
120010,HWH,0,10,0,Foggy,18,124
12004,BSB,5,12,0,Foggy,4,53
12008,NDLS,6,6,0,Clear,11,5
12005,HWH,1,10,0,Stormy,11,44
120010,CNB,4,1,0,Stormy,3,24
12001,PNBE,5,10,0,Stormy,10,56
12005,DDU,1,3,0,Foggy,8,92
12003,PNBE,6,11,0,Stormy,12,40
12009,HWH,2,1,0,Clear,2,25
12007,DDU,3,4,0,Clear,15,39
12007,NDLS,1,10,0,Foggy,14,57
12006,CNB,2,4,0,Stormy,2,19
12005,HWH,3,6,0,Rainy,16,54
12001,HWH,5,12,0,Rainy,11,82
12008,HWH,6,9,0,Stormy,21,50
12008,HWH,5,9,0,Stormy,14,17
12006,DDU,4,10,0,Foggy,17,135
12007,BSB,6,5,0,Clear,2,21
12009,HWH,2,3,0,Clear,11,10
12006,NDLS,4,1,0,Clear,6,38
12008,CNB,5,11,0,Clear,12,25
12006,DDU,6,3,0,Foggy,19,81
12008,NDLS,0,12,0,Clear,12,10
12006,NDLS,6,1,0,Rainy,1,61
120010,BSB,2,10,0,Rainy,15,29
12007,CNB,4,11,1,Clear,13,47
12006,LKO,3,11,0,Stormy,10,2
12008,HWH,0,9,0,Rainy,7,20
12008,HWH,2,12,0,Foggy,17,119
12008,NDLS,2,5,0,Rainy,18,22
12008,CNB,3,5,0,Clear,2,26
12004,NDLS,5,1,0,Foggy,13,140
12006,HWH,5,2,0,Stormy,10,44
12004,NDLS,0,6,1,Stormy,23,67
12007,CNB,1,4,0,Clear,1,0
12005,LKO,0,1,0,Stormy,14,0
12006,NDLS,0,4,0,Foggy,17,144
12005,BSB,2,12,0,Rainy,7,23
12009,CNB,3,4,0,Clear,15,0
12005,BSB,5,5,0,Foggy,2,97
120010,PNBE,3,11,1,Clear,0,29
12008,NDLS,1,6,1,Rainy,12,88
12007,DDU,0,9,0,Foggy,23,64
12005,NDLS,4,5,0,Foggy,6,71
12008,NDLS,6,9,0,Clear,21,15
12003,DDU,0,1,1,Clear,10,25
12003,DDU,0,7,0,Rainy,20,35
12001,DDU,3,5,0,Stormy,4,30
12002,DDU,0,8,0,Rainy,7,13
120010,LKO,1,10,0,Rainy,12,25
12002,PNBE,3,11,0,Foggy,5,101
12006,PNBE,4,7,1,Clear,5,43
12001,LKO,5,7,0,Clear,4,23
12003,NDLS,5,5,0,Foggy,6,129
12004,BSB,6,8,0,Foggy,19,161
12003,CNB,4,1,0,Rainy,20,49
12004,PNBE,2,4,0,Foggy,7,103
12001,NDLS,4,3,0,Stormy,16,18
120010,PNBE,6,3,0,Rainy,3,69
12002,NDLS,1,10,0,Stormy,10,0
12007,PNBE,4,2,0,Foggy,13,129
12008,BSB,5,10,0,Foggy,5,120
12003,HWH,4,10,0,Stormy,2,42
12002,HWH,6,7,0,Stormy,8,45
12007,HWH,0,1,0,Clear,20,10
12004,NDLS,1,3,0,Clear,8,0
12001,NDLS,5,6,0,Rainy,11,35
12003,LKO,0,9,0,Foggy,10,59
120010,CNB,0,6,0,Rainy,6,32
12009,DDU,0,6,0,Rainy,14,47
12006,HWH,0,1,0,Rainy,1,76
12001,CNB,5,11,0,Rainy,7,76
12002,DDU,3,1,0,Rainy,1,52
12004,HWH,5,11,1,Rainy,7,130
12006,PNBE,5,11,0,Foggy,7,122
12002,HWH,4,4,0,Clear,15,11
12008,PNBE,6,1,0,Clear,3,38
12002,CNB,2,12,1,Clear,0,42
12008,NDLS,1,1,0,Stormy,3,12
12005,PNBE,5,6,0,Rainy,7,58
120010,NDLS,1,2,0,Stormy,5,0
12003,NDLS,2,12,1,Clear,4,62
12008,CNB,6,9,0,Clear,23,36
12001,LKO,6,3,0,Stormy,18,49
120010,NDLS,4,4,0,Foggy,15,107
12009,NDLS,5,8,1,Rainy,8,102
12002,HWH,4,1,0,Stormy,2,35
12001,BSB,0,11,0,Stormy,22,0
12005,DDU,0,10,0,Clear,3,10
12007,CNB,6,5,0,Stormy,23,31
12009,NDLS,1,12,1,Rainy,21,91
12006,PNBE,6,8,0,Stormy,6,31
12007,CNB,3,11,0,Rainy,21,24
12006,NDLS,1,10,0,Clear,14,14
12008,DDU,3,6,0,Rainy,17,31
12005,PNBE,0,2,0,Rainy,22,36
12008,BSB,4,10,0,Foggy,12,93
12003,NDLS,6,5,0,Rainy,6,66
12003,BSB,5,11,0,Stormy,2,36
12004,NDLS,2,3,0,Foggy,3,145
12001,NDLS,0,4,0,Clear,6,34
12005,NDLS,1,7,0,Stormy,7,26
12006,CNB,5,2,0,Clear,20,29
12004,PNBE,0,3,0,Rainy,10,69
12008,DDU,1,4,0,Foggy,16,80
12003,PNBE,6,2,0,Stormy,1,43
12008,CNB,1,11,0,Stormy,19,0
12006,CNB,4,2,0,Stormy,8,23
12007,CNB,6,7,0,Foggy,5,121
12007,HWH,6,5,0,Stormy,16,32
12008,NDLS,6,9,0,Rainy,9,78
12008,NDLS,6,11,0,Clear,0,46
12006,DDU,5,4,0,Rainy,4,61
120010,PNBE,0,2,0,Stormy,5,5
120010,PNBE,5,4,0,Clear,18,61
12006,BSB,5,2,0,Foggy,21,107
12006,DDU,3,3,0,Clear,8,24
120010,LKO,0,12,0,Foggy,8,78
12006,DDU,3,9,0,Clear,4,0
12001,NDLS,1,10,0,Rainy,19,27
12004,PNBE,4,8,0,Clear,21,19
12005,PNBE,1,6,0,Rainy,9,23
12009,DDU,6,7,0,Rainy,16,60
12002,NDLS,3,3,0,Rainy,14,32
12008,BSB,1,4,0,Clear,3,36
12008,CNB,4,10,0,Stormy,5,26
12005,CNB,5,7,0,Stormy,5,40
120010,BSB,4,11,0,Stormy,20,16
12007,CNB,4,10,0,Foggy,18,134
120010,DDU,0,10,0,Foggy,1,105
120010,HWH,3,9,1,Stormy,6,46
12003,HWH,4,5,1,Stormy,8,63
12008,DDU,6,6,0,Rainy,5,28
12005,DDU,2,7,0,Clear,10,35
12002,HWH,2,1,0,Rainy,12,74
12003,NDLS,4,10,0,Stormy,6,8
12003,DDU,5,6,1,Stormy,13,85
12008,CNB,2,12,0,Clear,14,10
12005,LKO,4,1,0,Foggy,7,151
12003,NDLS,5,10,0,Stormy,3,49
12005,NDLS,5,6,0,Rainy,19,58
12009,BSB,6,4,0,Rainy,19,46
12009,NDLS,4,6,0,Stormy,2,15
12008,NDLS,5,12,0,Rainy,17,75
12008,PNBE,1,4,0,Stormy,7,31
12007,NDLS,6,7,0,Foggy,7,128
12004,PNBE,0,4,1,Foggy,21,167
12003,HWH,2,3,0,Clear,5,25
12006,NDLS,4,11,0,Rainy,21,36
12009,BSB,2,8,0,Clear,17,16
12007,CNB,3,7,0,Rainy,0,45
120010,NDLS,5,10,0,Foggy,14,77
12008,LKO,5,10,0,Clear,3,65
12003,HWH,4,7,0,Rainy,10,74
12002,CNB,0,7,0,Stormy,9,22
12006,HWH,0,8,0,Foggy,19,104
12001,BSB,3,2,0,Rainy,3,43
12003,NDLS,6,9,0,Foggy,16,148
12009,LKO,3,6,0,Rainy,12,76
12006,PNBE,1,7,1,Clear,5,30
12003,CNB,4,5,0,Rainy,15,70
12003,BSB,6,8,0,Foggy,22,159
12007,PNBE,6,6,0,Stormy,22,34
12003,PNBE,1,5,0,Stormy,15,26
12003,DDU,5,7,0,Clear,14,46
12003,BSB,3,5,0,Rainy,11,53
12006,DDU,0,4,0,Foggy,5,102
120010,HWH,2,9,1,Rainy,22,59
12003,DDU,3,8,0,Stormy,0,14
12009,LKO,1,7,0,Stormy,7,25
12006,BSB,5,8,0,Rainy,7,88
120010,NDLS,3,3,0,Rainy,23,69
12002,CNB,4,6,0,Stormy,6,21
120010,DDU,6,1,0,Foggy,9,111
12006,HWH,1,8,1,Foggy,17,158
12006,PNBE,6,5,0,Stormy,7,47
12001,CNB,2,1,0,Foggy,16,119
12001,LKO,5,9,1,Stormy,1,65
12003,CNB,0,7,1,Clear,22,59
12004,DDU,2,10,0,Rainy,15,26
12006,PNBE,6,7,0,Foggy,2,159
12009,LKO,3,12,0,Rainy,2,77
12005,PNBE,1,4,0,Foggy,20,108
12007,CNB,2,6,0,Clear,20,30
12007,CNB,3,6,0,Stormy,5,8
12007,BSB,3,4,0,Foggy,7,151
12008,HWH,5,4,0,Foggy,8,71
120010,CNB,3,10,0,Clear,2,18
12008,LKO,0,3,1,Stormy,3,59
12004,CNB,4,4,0,Rainy,23,37
12004,CNB,5,11,0,Rainy,7,46
12003,DDU,0,11,1,Stormy,4,56
12001,BSB,4,10,0,Foggy,3,92
12007,NDLS,5,6,0,Foggy,5,59
12005,LKO,1,5,0,Rainy,1,35
12008,NDLS,2,1,0,Clear,12,11
12005,CNB,6,4,0,Stormy,8,29
12003,PNBE,4,12,0,Foggy,2,75
12004,CNB,3,11,0,Clear,6,7
12007,NDLS,1,2,0,Clear,9,0
12006,BSB,3,2,0,Stormy,11,21
12003,DDU,2,6,0,Foggy,19,104
120010,HWH,4,4,0,Stormy,10,25
12004,PNBE,0,10,0,Foggy,9,135
12008,NDLS,4,7,0,Foggy,6,97
12002,NDLS,0,8,0,Clear,20,10
12005,LKO,1,7,0,Foggy,8,84
12002,LKO,5,7,0,Stormy,7,16
12008,DDU,4,6,0,Rainy,6,35
120010,HWH,1,11,0,Foggy,15,44
12006,DDU,5,5,0,Clear,21,42
12009,BSB,3,11,0,Foggy,5,70
12005,PNBE,5,4,0,Clear,6,53
12004,HWH,5,2,0,Clear,13,40
12005,BSB,1,1,0,Clear,8,0
12005,PNBE,0,10,1,Clear,1,78
12009,HWH,0,1,0,Stormy,17,27
12007,HWH,5,3,0,Clear,7,24
12007,PNBE,4,3,0,Rainy,21,45
12005,LKO,4,11,0,Clear,14,4
12008,DDU,6,5,0,Clear,2,27
12007,PNBE,2,7,0,Rainy,23,24
12005,HWH,5,2,0,Clear,20,39
12005,CNB,3,5,0,Clear,1,10
12003,BSB,4,9,0,Rainy,14,73
12006,LKO,3,2,0,Clear,19,18
12002,CNB,1,2,0,Rainy,5,31
12002,LKO,2,1,0,Clear,23,41
12004,CNB,3,12,0,Foggy,10,107
12008,NDLS,5,3,0,Clear,18,39
12009,NDLS,3,11,0,Clear,15,26
12001,PNBE,4,4,0,Rainy,13,40
12003,LKO,2,2,0,Stormy,2,25
12005,DDU,4,5,0,Rainy,22,70
12006,PNBE,3,12,1,Clear,19,67
12002,PNBE,2,3,0,Stormy,4,9
12002,HWH,4,5,0,Clear,0,2
12002,BSB,5,7,0,Stormy,14,28
120010,DDU,6,2,0,Clear,3,26
12006,HWH,6,3,0,Stormy,13,19
12008,NDLS,4,4,1,Clear,10,22
120010,NDLS,2,9,0,Foggy,7,85
12008,NDLS,0,4,0,Clear,23,13
12005,LKO,4,2,0,Rainy,0,62
12001,CNB,4,4,0,Rainy,13,29
12005,PNBE,0,4,0,Rainy,21,59
12008,BSB,5,9,0,Clear,13,33
12007,NDLS,1,11,0,Foggy,0,116
12003,LKO,5,12,0,Clear,21,30
12005,PNBE,2,1,0,Clear,11,26
12004,LKO,2,9,0,Rainy,19,32
12002,NDLS,3,1,0,Clear,21,26
12002,PNBE,5,8,0,Stormy,7,19
12009,CNB,1,5,0,Stormy,19,36
12006,HWH,4,2,0,Foggy,8,117
12002,BSB,3,9,1,Rainy,6,62
12004,NDLS,2,3,0,Foggy,17,92
120010,DDU,1,1,0,Stormy,3,7
12004,NDLS,5,7,0,Rainy,23,75
12009,BSB,4,4,0,Clear,0,12
12007,BSB,4,9,0,Rainy,22,27
12005,NDLS,0,5,0,Rainy,3,49
12006,LKO,5,3,0,Rainy,3,79
12002,LKO,1,2,0,Clear,15,15
12007,HWH,4,1,0,Clear,22,14
12001,NDLS,0,9,0,Foggy,10,101
12002,LKO,1,8,0,Clear,2,4
12008,NDLS,2,7,0,Stormy,2,27
12002,BSB,5,4,0,Rainy,7,53
12001,BSB,3,11,0,Clear,7,19
12006,CNB,1,2,1,Stormy,18,28
12005,DDU,6,11,0,Clear,21,23
12005,NDLS,2,12,1,Foggy,23,192
12003,NDLS,1,9,0,Rainy,18,27
12008,DDU,6,11,0,Rainy,17,58
12004,CNB,4,2,0,Rainy,19,25
12001,DDU,1,2,0,Clear,2,18
12007,DDU,2,6,0,Stormy,14,12
12005,DDU,0,8,1,Clear,8,73
12001,BSB,0,2,0,Stormy,3,10
12009,HWH,3,3,0,Foggy,12,86
12006,PNBE,0,8,0,Stormy,5,22
12006,CNB,1,6,0,Rainy,10,39
12004,BSB,3,10,0,Foggy,18,130
120010,LKO,0,2,0,Foggy,11,85
120010,BSB,5,12,0,Rainy,13,74
12003,LKO,6,6,1,Clear,23,58
120010,CNB,5,9,0,Rainy,8,29
12003,PNBE,2,2,0,Stormy,3,21
12002,HWH,5,10,0,Rainy,15,48
12005,PNBE,1,12,0,Clear,7,15
12009,CNB,0,9,0,Stormy,13,0
12004,CNB,6,5,0,Rainy,5,72
12004,DDU,1,12,0,Rainy,0,41
12006,PNBE,4,7,0,Stormy,18,41
12007,NDLS,6,12,0,Clear,10,27
12009,HWH,1,8,0,Stormy,7,0
120010,BSB,4,9,0,Foggy,9,110
12001,NDLS,0,3,0,Rainy,18,48
12003,NDLS,2,6,0,Clear,22,32
12001,CNB,3,2,0,Rainy,8,0
120010,DDU,5,5,0,Stormy,1,54
12006,PNBE,4,1,0,Stormy,6,1
12003,LKO,1,8,0,Rainy,6,36
12009,PNBE,0,1,0,Clear,6,37
12008,CNB,3,7,0,Foggy,8,84
12007,DDU,3,11,0,Rainy,15,70
120010,NDLS,4,2,0,Foggy,5,101
12007,BSB,3,11,0,Foggy,9,48
120010,HWH,3,2,0,Rainy,22,58
12007,DDU,4,5,0,Stormy,0,41
12005,BSB,5,2,0,Foggy,21,111
12002,BSB,1,6,0,Rainy,7,51
120010,PNBE,5,8,0,Rainy,5,53
12002,DDU,6,3,0,Stormy,22,48
12005,DDU,6,5,0,Clear,12,42
12005,PNBE,5,9,0,Rainy,15,64
12007,PNBE,1,2,0,Stormy,22,34
12003,PNBE,6,8,0,Stormy,21,61
12001,DDU,6,4,0,Foggy,2,103
12002,HWH,5,3,0,Stormy,11,37
12007,LKO,4,12,0,Clear,20,19
12008,NDLS,4,5,0,Clear,21,22
12007,DDU,3,3,0,Clear,12,30
12001,CNB,6,6,0,Foggy,3,120
12008,DDU,2,1,0,Rainy,19,59
12004,HWH,6,9,0,Stormy,8,49
12007,BSB,1,10,0,Clear,22,30
12007,CNB,2,4,0,Foggy,21,80
12003,LKO,3,7,1,Rainy,6,87
12007,BSB,5,11,0,Clear,4,13
12003,LKO,4,10,0,Stormy,14,9
12008,LKO,4,10,0,Foggy,20,60
12001,DDU,4,12,0,Foggy,14,60
12006,HWH,6,8,0,Foggy,14,85
120010,DDU,2,2,0,Stormy,14,29
12005,LKO,2,10,0,Stormy,20,30
12002,CNB,3,8,0,Rainy,9,62
12005,CNB,2,11,0,Clear,0,18
12008,NDLS,1,12,0,Foggy,20,95
12001,DDU,5,2,0,Clear,5,40
120010,PNBE,1,11,0,Foggy,1,114
120010,DDU,3,5,0,Clear,10,2
12005,BSB,3,2,0,Foggy,19,100
120010,NDLS,2,4,0,Rainy,11,26
12005,CNB,5,5,0,Foggy,13,93
12003,BSB,2,3,0,Foggy,23,111
12003,HWH,4,10,0,Clear,10,23
12001,DDU,0,9,0,Rainy,15,25
12006,LKO,4,3,0,Foggy,14,89
12009,NDLS,4,12,1,Stormy,3,62
12002,PNBE,6,9,1,Clear,22,72
12005,NDLS,3,11,0,Clear,4,1
12002,DDU,5,4,0,Clear,7,49
12009,LKO,1,12,0,Foggy,4,74
12007,HWH,0,6,0,Rainy,6,54
120010,HWH,1,2,0,Stormy,1,8
12003,NDLS,0,4,0,Stormy,10,2
12009,LKO,2,7,0,Stormy,22,16
12005,CNB,2,5,0,Clear,3,0
12008,DDU,1,8,0,Rainy,16,15
12007,PNBE,1,6,0,Stormy,10,0
12007,PNBE,0,4,0,Clear,0,0
12004,DDU,6,9,0,Rainy,18,56
12007,DDU,3,6,0,Foggy,22,106
12005,HWH,2,12,0,Clear,23,20
12005,BSB,4,1,1,Foggy,13,169
12008,CNB,1,1,0,Rainy,22,30
12003,DDU,3,8,0,Stormy,23,18
12001,HWH,0,11,0,Clear,12,8
12007,PNBE,1,1,0,Clear,15,24
120010,CNB,6,3,0,Rainy,7,64
12008,DDU,2,7,0,Rainy,19,32
12002,PNBE,2,8,0,Rainy,21,45
12004,DDU,4,7,0,Foggy,15,87
12005,CNB,3,3,0,Clear,23,9
12005,DDU,2,1,0,Rainy,23,37
12007,DDU,4,11,0,Stormy,16,13
12001,LKO,2,4,0,Stormy,10,15
12004,NDLS,2,8,1,Clear,9,33
12007,CNB,1,1,1,Stormy,11,65
12003,PNBE,5,6,0,Stormy,16,34
12006,CNB,2,7,0,Foggy,7,63
12003,BSB,6,10,0,Rainy,15,28
12008,HWH,2,2,0,Clear,0,3
12003,PNBE,1,12,0,Foggy,16,77
12009,CNB,5,6,0,Clear,4,28
12009,NDLS,0,12,0,Rainy,1,53
12008,BSB,3,9,0,Foggy,12,117
12006,DDU,1,6,0,Foggy,23,51
12006,PNBE,1,4,0,Stormy,3,29
12001,CNB,0,4,0,Stormy,20,4
120010,LKO,2,2,0,Stormy,16,19
12002,DDU,0,3,0,Rainy,20,22
12001,DDU,0,12,0,Foggy,5,69
12002,PNBE,2,12,0,Foggy,19,106
12001,LKO,4,4,0,Clear,20,36
12002,NDLS,2,3,1,Stormy,19,49
12003,NDLS,3,10,0,Stormy,17,28
12009,BSB,0,6,0,Clear,4,19
12009,BSB,2,4,0,Foggy,1,81
12002,PNBE,2,7,0,Stormy,16,1
12006,HWH,0,9,0,Clear,11,26
12008,DDU,0,12,0,Stormy,13,28
12009,LKO,3,11,0,Stormy,9,8
12007,PNBE,4,2,0,Clear,5,15
12003,DDU,2,3,1,Stormy,18,26
12007,PNBE,5,6,0,Rainy,3,50
12003,HWH,5,11,0,Foggy,10,173
12008,PNBE,4,12,1,Clear,19,50
12008,BSB,1,11,0,Clear,5,0
120010,NDLS,6,1,0,Clear,9,35
120010,BSB,2,10,1,Foggy,2,106
120010,BSB,6,2,0,Stormy,22,44
12007,CNB,0,8,1,Foggy,7,190
12001,BSB,5,1,1,Rainy,1,100
12006,NDLS,5,11,0,Foggy,20,143
12006,NDLS,2,7,0,Stormy,16,3
12001,CNB,3,6,0,Rainy,14,41
12001,HWH,1,4,0,Clear,0,0
12001,PNBE,1,12,0,Stormy,23,35
12008,LKO,4,1,0,Clear,4,12
12009,LKO,4,6,0,Clear,20,27
12001,CNB,1,12,0,Stormy,18,27
12003,HWH,2,10,1,Stormy,11,80
12005,DDU,0,9,0,Clear,3,25
12009,HWH,2,7,1,Foggy,2,164
12003,PNBE,5,10,0,Clear,12,54
120010,DDU,0,3,0,Rainy,10,71
12008,HWH,3,12,0,Stormy,21,24
120010,PNBE,6,12,0,Stormy,8,59
12008,NDLS,1,8,0,Clear,23,0
12001,CNB,2,8,0,Rainy,9,37
12009,HWH,4,4,0,Rainy,17,55
12001,HWH,6,8,0,Clear,2,47
12001,NDLS,2,5,0,Foggy,23,50
12009,CNB,6,10,0,Clear,7,20
120010,PNBE,1,6,1,Clear,5,45
12009,NDLS,3,7,0,Stormy,7,18
12006,HWH,4,8,0,Rainy,20,45
12006,HWH,6,3,0,Rainy,22,52
12001,LKO,2,10,0,Foggy,11,117
12005,DDU,5,3,0,Foggy,2,128
12002,PNBE,5,11,1,Rainy,10,76
12009,NDLS,4,2,0,Foggy,7,108
12001,HWH,0,2,1,Rainy,1,71
12007,PNBE,4,3,0,Foggy,19,48
12001,DDU,4,5,0,Stormy,13,24
12003,HWH,0,11,1,Rainy,20,69
12006,BSB,5,9,0,Stormy,3,46
12005,CNB,4,9,0,Foggy,14,33
12004,CNB,2,11,0,Foggy,20,90
12002,PNBE,5,4,0,Foggy,8,106
12003,BSB,1,1,0,Foggy,0,88
12001,PNBE,6,8,1,Clear,6,77
12009,HWH,4,3,0,Foggy,19,54
12005,NDLS,6,7,0,Clear,19,53
12007,CNB,1,4,0,Clear,22,26
120010,DDU,2,7,0,Clear,19,9
120010,NDLS,1,7,0,Rainy,10,39
12001,NDLS,3,2,1,Clear,20,45
12005,DDU,3,6,0,Stormy,15,39
12002,NDLS,2,6,0,Foggy,0,70
12007,NDLS,0,4,0,Foggy,11,67
12002,NDLS,5,11,0,Foggy,19,74
12002,LKO,4,8,0,Clear,3,17
12002,HWH,5,8,1,Stormy,22,81
12004,NDLS,4,2,0,Foggy,22,119
120010,PNBE,6,10,0,Stormy,16,27
12009,DDU,6,7,0,Rainy,16,71
12002,PNBE,1,2,0,Stormy,4,26
12008,LKO,1,2,0,Clear,16,16
12006,HWH,6,7,0,Stormy,15,13
12002,LKO,1,6,0,Stormy,14,5
120010,BSB,6,8,1,Stormy,23,93
120010,DDU,1,8,1,Foggy,4,115
12002,LKO,5,10,0,Stormy,11,42
12005,DDU,6,2,0,Clear,5,19
12004,DDU,5,10,0,Clear,3,47
12004,PNBE,4,9,1,Rainy,15,73
12004,PNBE,2,5,0,Clear,17,12
12006,BSB,5,7,1,Stormy,7,79
12009,DDU,5,11,0,Rainy,3,66
12007,PNBE,0,12,0,Rainy,9,32
12005,NDLS,6,6,0,Foggy,3,50
12003,NDLS,0,6,0,Clear,5,28
12003,PNBE,0,10,0,Rainy,15,41
12005,HWH,3,12,0,Rainy,7,56
12006,DDU,0,3,0,Foggy,22,122
12005,LKO,5,4,0,Foggy,20,62
12005,CNB,0,5,0,Clear,8,14
120010,CNB,0,9,0,Clear,9,9
12005,LKO,6,11,0,Stormy,19,57
12007,HWH,4,11,0,Rainy,15,40
12004,LKO,5,9,0,Foggy,11,132
12007,DDU,4,9,0,Clear,8,8
12008,LKO,2,6,1,Rainy,13,86
12009,CNB,4,9,0,Stormy,2,41
12003,BSB,2,3,0,Stormy,0,5
12005,BSB,3,11,0,Foggy,9,57
12002,HWH,6,8,0,Foggy,4,144
12007,HWH,4,3,1,Clear,15,85
12003,HWH,5,12,0,Foggy,15,144
12003,PNBE,6,5,0,Stormy,21,25
12005,LKO,2,5,0,Clear,9,30
12007,BSB,5,3,0,Stormy,22,5
12002,NDLS,2,2,0,Rainy,6,30
12007,CNB,5,3,0,Rainy,7,78
12002,DDU,6,4,0,Rainy,12,85
12002,HWH,1,6,0,Foggy,16,105
12002,HWH,3,9,0,Foggy,4,123
12005,CNB,5,8,0,Clear,22,32
12003,CNB,2,8,0,Stormy,8,42
12006,CNB,0,5,0,Clear,0,1
12008,BSB,0,8,0,Foggy,0,58
12001,CNB,4,10,1,Foggy,2,105
12001,CNB,0,2,0,Rainy,1,63
12003,NDLS,3,11,0,Stormy,21,25
12006,PNBE,2,9,0,Stormy,15,36
12002,NDLS,3,10,0,Foggy,8,53
120010,BSB,6,12,0,Stormy,9,40
12005,HWH,1,12,1,Rainy,8,59
12006,NDLS,5,8,0,Rainy,17,60
12001,HWH,5,2,0,Stormy,3,64
120010,CNB,0,4,0,Rainy,8,24
120010,HWH,2,8,0,Rainy,3,47
12007,BSB,5,6,1,Rainy,6,86
12002,NDLS,3,10,0,Stormy,21,0
12005,NDLS,3,9,0,Rainy,10,54
12006,PNBE,1,1,0,Foggy,7,105
12006,LKO,2,9,0,Foggy,20,121
12008,BSB,2,5,0,Rainy,23,31
12009,PNBE,2,10,0,Stormy,23,25
12009,NDLS,2,8,1,Clear,20,26
12001,NDLS,2,11,0,Stormy,5,24
12008,HWH,0,1,0,Clear,1,5
12006,PNBE,2,1,0,Foggy,15,110
12002,BSB,0,6,0,Rainy,2,18
12006,DDU,6,11,0,Stormy,17,18
12001,BSB,6,7,0,Stormy,9,37
12008,BSB,1,4,0,Clear,1,22
12006,NDLS,5,11,0,Foggy,13,151
12005,HWH,2,4,0,Stormy,14,3
12003,DDU,2,10,0,Rainy,23,20
120010,HWH,3,3,0,Foggy,8,118
12006,CNB,3,8,0,Clear,5,17
12007,DDU,1,7,0,Rainy,9,40
12001,DDU,0,6,0,Foggy,17,120
12003,NDLS,3,8,0,Rainy,18,48
12006,LKO,6,2,0,Stormy,21,36
12001,HWH,0,1,0,Clear,19,19
12002,NDLS,4,5,1,Rainy,14,99
12003,DDU,1,12,0,Stormy,22,27
12001,LKO,4,6,0,Stormy,9,10
12004,NDLS,4,12,0,Clear,3,25
12007,NDLS,0,2,0,Rainy,13,33
12009,PNBE,5,11,0,Rainy,10,82
12005,BSB,1,12,0,Foggy,3,73
12003,LKO,0,7,0,Clear,2,18
120010,BSB,0,6,0,Rainy,14,15
12008,DDU,5,7,0,Stormy,23,46
12003,CNB,4,6,1,Stormy,16,30
12003,NDLS,2,11,0,Stormy,13,7
12002,NDLS,4,1,1,Foggy,8,169
12004,CNB,1,11,0,Stormy,6,9
12006,CNB,1,10,0,Stormy,18,21
12009,DDU,5,4,0,Stormy,13,42
12007,DDU,3,6,0,Clear,10,27
120010,HWH,5,6,0,Foggy,20,138
12004,PNBE,0,2,0,Clear,22,30
12003,DDU,3,5,0,Foggy,11,72
12008,HWH,4,10,0,Stormy,5,0
12004,CNB,6,8,0,Foggy,11,97
120010,BSB,3,7,0,Rainy,18,40
120010,BSB,2,11,1,Foggy,9,160
12002,DDU,2,2,0,Rainy,12,14
12001,HWH,2,11,0,Foggy,4,110
12002,CNB,5,6,0,Foggy,11,93
12004,HWH,3,6,0,Foggy,13,75
12007,HWH,6,12,0,Rainy,23,57
12006,PNBE,2,10,0,Foggy,17,43
12008,HWH,4,1,0,Rainy,1,38
12005,BSB,4,3,0,Clear,13,4
12003,NDLS,5,2,1,Clear,7,69
12005,NDLS,1,9,0,Clear,15,27
12001,BSB,3,8,0,Clear,9,0
12003,PNBE,3,3,0,Rainy,17,9
12001,HWH,6,6,0,Stormy,17,47
12001,HWH,4,11,0,Foggy,15,134
12006,HWH,5,1,0,Stormy,11,59
12004,LKO,5,5,0,Stormy,22,36
12007,DDU,4,2,0,Foggy,20,135
12004,PNBE,1,3,0,Foggy,14,80
12002,HWH,1,11,0,Rainy,14,25
12004,NDLS,5,5,0,Clear,8,24
12009,BSB,5,7,1,Stormy,7,91
12004,LKO,2,4,0,Rainy,23,28
12007,NDLS,0,4,0,Clear,4,26
12008,LKO,5,12,0,Rainy,6,65
12008,NDLS,6,4,0,Rainy,17,57
12007,PNBE,1,3,0,Stormy,16,12
12009,PNBE,5,9,0,Clear,15,49
12005,HWH,2,8,1,Rainy,22,92
12002,HWH,6,9,0,Foggy,0,70
12001,BSB,3,1,0,Clear,23,35
12002,LKO,0,8,0,Rainy,12,45
12003,LKO,3,11,0,Stormy,19,23
12009,DDU,1,12,0,Stormy,6,0
12005,LKO,6,7,0,Stormy,10,35
12001,LKO,2,2,0,Clear,5,9
12006,PNBE,0,5,0,Foggy,18,70
12005,LKO,3,11,1,Stormy,7,38
12003,CNB,5,10,0,Stormy,23,18
120010,BSB,6,6,0,Clear,20,53
12009,DDU,4,4,0,Rainy,18,14
12007,NDLS,1,8,0,Foggy,13,104
12005,NDLS,5,12,0,Rainy,14,78
12002,BSB,5,9,0,Rainy,1,61
12002,CNB,3,7,0,Clear,19,0
12006,NDLS,0,3,0,Stormy,9,14
12009,CNB,4,12,0,Rainy,9,58
12008,LKO,3,6,0,Foggy,19,105
12004,NDLS,5,10,0,Foggy,1,115
12007,NDLS,1,7,0,Foggy,11,128
12009,NDLS,0,8,0,Rainy,20,48
12007,HWH,4,6,0,Rainy,0,49
12001,NDLS,2,11,0,Clear,0,0
120010,LKO,3,2,0,Stormy,6,35
12001,NDLS,5,5,0,Rainy,23,25
12003,LKO,0,6,0,Clear,2,29
12001,NDLS,6,8,0,Rainy,18,48
12005,PNBE,3,4,0,Foggy,22,90
12006,NDLS,6,4,1,Foggy,1,125
12003,HWH,2,3,0,Foggy,13,150
12008,DDU,0,7,0,Foggy,18,118
12001,BSB,2,6,0,Rainy,3,47
12003,NDLS,5,4,0,Stormy,4,34
120010,DDU,2,12,1,Foggy,1,146
12003,NDLS,5,4,0,Stormy,20,47
12008,NDLS,0,6,0,Foggy,6,53
12003,NDLS,2,12,0,Clear,1,8
120010,NDLS,6,3,0,Foggy,15,84
12002,HWH,5,8,0,Stormy,23,24
12006,PNBE,2,5,0,Clear,7,22
120010,LKO,6,6,0,Clear,1,7
12001,LKO,4,9,0,Stormy,7,25
12006,PNBE,3,5,0,Foggy,11,81
12001,NDLS,3,12,0,Rainy,5,41
12005,LKO,3,4,0,Stormy,18,12
120010,LKO,0,4,0,Stormy,1,18
12003,PNBE,0,8,0,Stormy,4,6
12001,BSB,1,11,0,Stormy,5,6
12005,DDU,3,8,0,Rainy,16,27
12007,DDU,3,2,0,Foggy,0,109
120010,NDLS,4,6,0,Clear,2,33
12006,LKO,6,7,0,Stormy,16,25
120010,HWH,0,7,0,Stormy,10,5
12001,DDU,0,4,1,Stormy,18,87
12006,CNB,2,2,0,Foggy,17,129
12008,LKO,2,6,0,Rainy,21,35
120010,NDLS,6,7,0,Clear,5,56
120010,LKO,4,3,0,Stormy,22,16
12003,HWH,3,2,0,Rainy,6,52
12006,LKO,5,7,0,Rainy,9,32
12009,NDLS,6,5,0,Foggy,18,138
12004,CNB,3,2,0,Rainy,5,49
12002,PNBE,6,11,0,Stormy,6,49
12004,BSB,3,1,0,Foggy,7,105
12005,BSB,5,5,0,Rainy,2,66
12001,LKO,3,12,0,Rainy,2,37
12009,NDLS,6,10,1,Clear,18,66
12008,CNB,4,1,0,Stormy,6,27
120010,HWH,5,5,0,Clear,7,48
120010,PNBE,2,7,0,Rainy,10,36
12002,DDU,1,7,1,Stormy,8,61
12006,NDLS,4,10,0,Stormy,20,26
12006,LKO,6,1,0,Clear,17,13
12008,CNB,1,4,0,Rainy,16,12
120010,DDU,6,3,0,Stormy,6,40
12004,PNBE,2,2,0,Stormy,6,10
12008,NDLS,1,6,0,Foggy,16,56
12007,PNBE,6,7,1,Clear,12,83
12002,DDU,3,2,0,Stormy,6,12
12005,DDU,0,5,0,Stormy,6,10
12006,LKO,4,8,0,Clear,19,29
120010,PNBE,2,7,0,Foggy,0,79
12007,HWH,1,7,0,Foggy,12,56
12003,PNBE,2,7,0,Stormy,3,2
120010,PNBE,1,7,1,Clear,12,44
12007,LKO,6,2,0,Stormy,4,12
12009,HWH,1,9,0,Foggy,5,48
120010,CNB,5,7,0,Rainy,9,62
12004,LKO,6,3,0,Clear,15,16
12003,PNBE,1,1,0,Clear,10,0
12003,LKO,0,10,0,Rainy,20,62
12003,BSB,3,4,0,Stormy,15,16
12008,PNBE,6,8,0,Foggy,8,131
12006,DDU,2,2,0,Foggy,5,99
12004,CNB,1,10,0,Foggy,22,71
12006,HWH,5,12,1,Clear,1,56
12009,DDU,4,4,0,Rainy,10,47
12003,NDLS,2,6,0,Rainy,5,37
12004,NDLS,4,3,0,Rainy,16,43
12002,NDLS,3,6,0,Stormy,6,28
12001,HWH,1,4,0,Rainy,2,15
12008,PNBE,0,11,0,Stormy,9,4
12001,PNBE,1,8,0,Rainy,21,40
12007,CNB,4,3,0,Rainy,9,60
12008,NDLS,4,1,1,Stormy,0,43
12007,BSB,2,9,0,Stormy,16,1
120010,HWH,1,7,0,Foggy,15,90
12009,CNB,5,2,0,Foggy,3,151
120010,NDLS,5,7,0,Clear,0,18
12003,NDLS,3,3,0,Foggy,8,87
12005,BSB,1,11,1,Rainy,10,61
12006,BSB,4,1,0,Clear,14,14
12004,NDLS,5,2,1,Stormy,8,68
12006,HWH,5,11,0,Foggy,8,109
12003,PNBE,2,9,0,Clear,10,26
12005,NDLS,1,8,0,Foggy,5,120
12005,DDU,2,4,0,Foggy,21,92
12008,BSB,1,9,0,Clear,18,3
12009,PNBE,1,2,0,Stormy,4,17
12009,NDLS,1,3,1,Stormy,6,32
12006,NDLS,2,3,0,Clear,9,19
12003,HWH,4,9,0,Clear,9,9
12003,HWH,1,10,0,Rainy,0,50
12008,PNBE,3,7,0,Foggy,7,76
12003,DDU,1,4,1,Clear,12,45
12006,HWH,3,3,0,Rainy,7,24
12002,CNB,4,5,0,Stormy,14,29
12002,LKO,1,2,0,Foggy,4,102
12009,CNB,4,9,0,Clear,10,13
12008,CNB,4,12,0,Clear,15,32
12009,CNB,5,9,0,Stormy,4,47
12008,NDLS,3,3,0,Rainy,23,18
12006,HWH,4,8,0,Stormy,1,19
12009,BSB,2,4,0,Clear,6,16
12005,PNBE,3,4,1,Clear,10,16
12004,CNB,2,4,0,Stormy,4,12
12001,CNB,6,5,0,Foggy,6,55
12009,LKO,3,12,0,Stormy,6,20
12009,HWH,4,12,0,Stormy,9,0
12008,LKO,6,1,0,Foggy,18,78
12009,DDU,6,8,0,Stormy,3,47
12002,PNBE,1,6,0,Clear,20,17
12009,BSB,1,6,0,Stormy,7,7
12009,DDU,2,5,0,Rainy,0,41
12009,BSB,0,9,1,Clear,17,66
12007,DDU,5,11,0,Rainy,3,64
12008,PNBE,1,12,0,Rainy,15,29
12005,PNBE,5,8,0,Clear,10,34
12005,CNB,1,6,0,Clear,12,24
12001,DDU,2,3,0,Foggy,16,52
12009,PNBE,4,11,0,Clear,19,18
12006,DDU,3,10,0,Rainy,1,26
12005,PNBE,1,2,0,Stormy,10,5
12002,LKO,1,3,1,Rainy,0,101
12002,BSB,2,11,0,Foggy,7,73
12009,PNBE,3,6,0,Rainy,4,46
12003,DDU,5,11,0,Clear,21,45
120010,HWH,1,5,0,Clear,20,25
12009,HWH,2,5,0,Rainy,4,36
12003,NDLS,0,8,0,Stormy,23,14
120010,NDLS,4,12,0,Stormy,6,19
12005,HWH,3,1,0,Foggy,21,118
12004,BSB,6,4,0,Rainy,15,30
12004,LKO,4,1,0,Foggy,3,96
12001,CNB,4,3,0,Stormy,22,5
12007,LKO,3,12,0,Clear,13,15
12008,CNB,3,11,0,Clear,18,10
120010,PNBE,1,3,0,Stormy,4,15
12006,NDLS,5,3,1,Rainy,20,78
12006,PNBE,1,8,1,Foggy,12,193
12009,LKO,1,11,0,Clear,8,40
120010,HWH,0,9,0,Foggy,4,69
12006,CNB,6,6,0,Clear,22,30
12007,NDLS,5,4,0,Rainy,4,49
12003,PNBE,2,10,0,Rainy,11,41
12009,HWH,4,8,0,Foggy,19,94
12002,BSB,2,6,0,Stormy,0,6
12007,PNBE,3,11,0,Rainy,8,52
12002,PNBE,5,5,0,Clear,13,32
120010,NDLS,2,9,0,Foggy,6,144
12004,DDU,2,11,1,Clear,15,74
12004,NDLS,3,8,1,Stormy,3,62
12004,DDU,0,7,0,Clear,5,38
120010,NDLS,6,2,1,Clear,17,48
12003,LKO,2,7,0,Foggy,5,95
12002,NDLS,5,7,0,Stormy,19,48
12006,HWH,6,7,0,Rainy,7,60
12004,HWH,0,8,0,Clear,22,18
12006,DDU,3,9,0,Clear,0,22
12007,LKO,1,1,1,Clear,4,82
12008,CNB,5,12,0,Clear,10,42
12005,DDU,3,8,0,Stormy,22,34
12003,CNB,1,10,0,Stormy,14,2
12009,LKO,2,8,0,Foggy,11,118
12007,CNB,2,5,0,Rainy,17,47
12006,CNB,0,6,0,Foggy,10,65
12007,NDLS,2,8,0,Clear,22,0
12006,PNBE,5,11,0,Foggy,17,127
12006,HWH,3,5,0,Stormy,8,11
120010,BSB,2,12,0,Clear,3,0
12005,DDU,6,11,0,Clear,12,43
12005,HWH,3,4,0,Clear,8,29
12008,BSB,3,10,0,Rainy,0,30
12009,DDU,2,5,0,Clear,23,27
12005,BSB,3,8,0,Foggy,1,122
12007,DDU,2,7,0,Foggy,0,92
12006,CNB,4,5,0,Foggy,21,56
12003,HWH,5,10,0,Rainy,0,57
12007,HWH,0,12,0,Foggy,21,129
12009,PNBE,1,1,0,Stormy,2,3
120010,BSB,1,2,0,Stormy,20,27
12003,NDLS,5,11,0,Rainy,16,59
12009,DDU,0,7,0,Clear,13,28
12003,PNBE,0,2,0,Foggy,5,147
12008,LKO,3,2,1,Stormy,0,73
12007,NDLS,0,9,0,Stormy,22,26
12006,DDU,4,9,0,Foggy,19,142
12001,PNBE,6,6,0,Foggy,9,101
12004,BSB,6,7,1,Foggy,8,215
12004,NDLS,1,7,0,Stormy,2,9
12004,DDU,2,11,0,Foggy,18,117
12004,LKO,5,2,0,Rainy,9,52
12007,LKO,0,6,0,Foggy,5,55
12004,PNBE,4,8,0,Foggy,14,103
12007,PNBE,3,6,0,Clear,11,32
12001,BSB,4,10,0,Foggy,10,109
12002,DDU,3,5,0,Clear,12,15
12006,NDLS,4,4,0,Stormy,18,24
12006,NDLS,2,10,0,Stormy,16,36
12003,DDU,3,9,0,Stormy,21,1
12007,CNB,3,8,0,Stormy,7,10
120010,BSB,2,6,0,Foggy,16,103
12007,PNBE,6,12,0,Rainy,6,53
12006,LKO,5,4,0,Rainy,17,55
120010,HWH,3,12,0,Rainy,22,52
12003,BSB,1,3,0,Rainy,9,36
12006,BSB,2,12,0,Rainy,14,61
12006,LKO,5,3,0,Stormy,8,38
12008,DDU,1,2,0,Foggy,21,124
12007,DDU,3,5,1,Stormy,22,55
120010,HWH,5,3,0,Clear,4,55
12003,NDLS,5,11,0,Stormy,17,31
12009,LKO,5,1,0,Rainy,22,68
120010,LKO,1,4,1,Clear,21,19
12005,HWH,1,10,0,Stormy,12,42
120010,BSB,5,6,0,Stormy,4,32
12003,PNBE,4,9,0,Rainy,10,6
12002,DDU,2,12,0,Foggy,18,105
12003,PNBE,2,6,0,Rainy,2,65
12003,BSB,2,1,1,Stormy,0,66
12004,DDU,3,5,0,Rainy,13,23
12009,CNB,2,8,0,Rainy,12,27
12003,DDU,1,4,0,Clear,10,29
12002,LKO,6,9,0,Stormy,21,36
12003,BSB,6,4,0,Foggy,6,82
12009,PNBE,0,10,0,Clear,17,16
12002,HWH,6,5,1,Stormy,22,71
12001,PNBE,0,11,0,Foggy,8,117
12001,HWH,3,4,0,Clear,16,30
12003,BSB,6,4,0,Foggy,5,136
12003,CNB,1,2,0,Rainy,8,39
12006,NDLS,4,9,0,Rainy,16,25
12008,HWH,5,8,0,Stormy,6,20
12007,DDU,0,7,0,Rainy,7,43
12001,BSB,0,8,0,Foggy,11,92
12001,LKO,6,2,0,Foggy,14,63
12003,HWH,3,4,0,Rainy,3,35
12006,NDLS,5,1,0,Rainy,11,65
120010,PNBE,2,5,1,Clear,8,70
12006,CNB,1,1,0,Foggy,0,90
12008,LKO,1,2,0,Stormy,17,31
12006,LKO,6,9,0,Clear,21,50
12006,NDLS,0,3,1,Stormy,8,72
12009,HWH,1,7,0,Foggy,6,129
120010,LKO,2,2,0,Foggy,6,80
12002,HWH,6,5,1,Rainy,4,93
12008,LKO,1,10,1,Clear,10,47
12003,BSB,2,3,0,Foggy,14,139
12001,PNBE,0,4,0,Foggy,19,114
12001,CNB,3,7,0,Clear,9,23
12008,CNB,5,11,1,Stormy,1,101
12002,PNBE,0,11,0,Foggy,10,86
12002,HWH,3,3,0,Clear,0,11
12009,DDU,3,1,0,Foggy,3,37
12008,CNB,3,3,0,Rainy,18,70
12009,DDU,3,10,0,Foggy,20,75
12006,HWH,1,9,0,Clear,4,12
12008,LKO,4,11,0,Rainy,1,31
12006,DDU,1,3,0,Rainy,13,34
12009,NDLS,0,1,0,Clear,0,21
12005,BSB,5,8,0,Stormy,22,17
12005,LKO,5,7,1,Rainy,11,79
12006,LKO,1,9,0,Stormy,8,6
120010,BSB,1,6,0,Stormy,3,0
12004,BSB,3,11,0,Foggy,12,68
12002,PNBE,3,2,0,Rainy,17,19
12001,NDLS,3,4,0,Foggy,18,66
12006,LKO,3,10,0,Foggy,15,39
12005,LKO,4,3,0,Stormy,19,31
12001,BSB,5,12,0,Clear,3,27
12009,BSB,6,6,0,Foggy,8,99
12004,HWH,4,2,0,Rainy,19,6
12003,CNB,2,8,0,Stormy,15,11
12007,HWH,3,5,0,Foggy,3,118
12004,BSB,3,1,0,Foggy,4,123
12007,PNBE,0,8,0,Rainy,10,45
12005,HWH,0,2,1,Foggy,7,132
12007,NDLS,4,6,0,Rainy,16,29
12006,HWH,1,4,0,Stormy,18,3
12009,NDLS,3,10,0,Foggy,8,123
12004,DDU,2,7,0,Rainy,10,30
12007,BSB,4,6,0,Foggy,4,142
12009,PNBE,2,1,0,Rainy,11,25
12006,BSB,3,12,0,Stormy,13,14
12002,HWH,6,8,0,Stormy,11,51
12001,CNB,2,12,0,Foggy,20,133
12003,DDU,3,7,0,Stormy,19,27
120010,HWH,2,2,0,Rainy,4,35
12004,DDU,6,1,0,Clear,14,25
12008,NDLS,5,11,0,Rainy,20,38
12006,PNBE,0,5,0,Rainy,1,72
12004,CNB,3,5,0,Foggy,0,128
12002,NDLS,5,1,0,Stormy,10,27
12001,BSB,3,11,0,Rainy,12,56
12006,CNB,1,12,0,Stormy,9,11
12007,BSB,0,2,0,Rainy,8,15
12007,NDLS,0,4,0,Clear,10,16
12006,NDLS,3,4,0,Clear,14,1
12005,HWH,6,3,1,Foggy,14,142
120010,HWH,5,3,0,Clear,4,23
12001,LKO,3,4,0,Stormy,15,0
12003,LKO,3,8,0,Rainy,9,42
12007,CNB,5,2,0,Stormy,20,24
12006,HWH,3,8,0,Stormy,21,39
12003,HWH,1,12,0,Stormy,10,27
120010,DDU,0,10,0,Clear,6,26
12001,NDLS,5,11,0,Stormy,12,30
12006,PNBE,4,12,0,Foggy,9,72
12005,DDU,2,2,1,Foggy,16,63
12002,CNB,0,3,0,Stormy,0,33
12007,PNBE,3,4,1,Foggy,15,123
12006,BSB,2,8,0,Rainy,20,4
12008,NDLS,2,10,0,Foggy,0,68
12008,BSB,2,7,0,Rainy,10,31
12006,LKO,5,2,0,Stormy,14,35
12009,CNB,4,3,0,Foggy,21,77
12008,HWH,1,10,0,Rainy,19,49
12004,DDU,0,5,0,Foggy,11,52
12005,NDLS,1,1,0,Foggy,17,115
12009,DDU,2,10,0,Foggy,11,68
12003,HWH,6,4,0,Foggy,0,70
12001,HWH,2,5,0,Rainy,18,33
12009,BSB,2,11,0,Stormy,3,9
12002,LKO,4,3,0,Foggy,0,46
12006,DDU,3,8,1,Foggy,18,134
12002,LKO,4,5,0,Clear,9,24
120010,HWH,1,12,0,Foggy,0,50
12006,PNBE,1,5,1,Foggy,4,149
12008,DDU,6,6,0,Foggy,15,129
12004,NDLS,3,3,0,Foggy,16,42
12008,CNB,3,2,0,Foggy,14,90
12007,DDU,6,3,0,Rainy,21,55
12007,PNBE,4,8,0,Foggy,17,60
120010,LKO,0,4,0,Rainy,7,31
12008,BSB,2,1,0,Foggy,1,136
12009,CNB,0,4,0,Foggy,19,134
12006,NDLS,5,12,0,Clear,13,17
12009,HWH,5,7,0,Foggy,9,94
12004,PNBE,4,8,0,Stormy,0,27
12008,LKO,2,8,0,Rainy,14,24
12005,HWH,1,10,0,Stormy,6,0
12006,NDLS,4,10,0,Clear,5,0
12004,PNBE,0,3,0,Clear,18,29
12006,DDU,3,6,0,Foggy,1,113
12007,LKO,5,2,0,Clear,11,30
12005,DDU,5,11,1,Clear,13,81
12004,HWH,4,5,1,Stormy,22,61
12005,HWH,5,8,0,Stormy,5,64
12008,HWH,6,9,0,Clear,23,29
12005,NDLS,4,3,0,Clear,17,24
12005,PNBE,5,12,0,Foggy,22,91
12006,LKO,4,8,1,Rainy,9,89
120010,BSB,4,11,0,Stormy,15,2
12004,CNB,1,12,0,Rainy,8,12
12003,HWH,4,6,1,Rainy,13,59
12009,CNB,5,1,0,Rainy,10,46
12001,DDU,1,12,0,Stormy,16,32
12004,NDLS,1,4,0,Stormy,5,12
12005,BSB,4,8,0,Clear,18,23
12001,DDU,5,1,0,Foggy,16,126
120010,BSB,0,6,0,Foggy,4,50
12001,CNB,5,1,0,Stormy,3,20
120010,PNBE,4,11,0,Foggy,18,111
12004,DDU,2,5,0,Clear,19,34
12008,NDLS,3,1,0,Rainy,2,63
12005,LKO,2,7,0,Stormy,6,9
120010,LKO,1,7,0,Foggy,7,60
12005,LKO,1,10,0,Clear,15,7
12004,BSB,6,5,0,Stormy,1,29
12005,NDLS,5,9,0,Stormy,18,32
120010,BSB,3,10,0,Clear,19,10
12003,LKO,6,12,0,Stormy,4,25
12009,BSB,3,5,0,Clear,0,9
12001,NDLS,4,2,0,Clear,10,22
12006,BSB,5,12,0,Foggy,2,96
12004,HWH,2,9,0,Foggy,13,46
12004,HWH,4,11,0,Foggy,14,67
12002,BSB,3,12,0,Clear,18,35
120010,PNBE,0,10,0,Stormy,9,25
12008,NDLS,3,1,0,Rainy,16,55
12007,HWH,2,4,0,Stormy,21,15
12006,CNB,0,9,0,Rainy,22,45
12006,CNB,6,8,0,Rainy,0,57
12001,HWH,5,2,0,Rainy,17,58
12003,BSB,4,2,0,Stormy,13,31
12008,BSB,2,6,0,Foggy,18,84
12001,BSB,1,4,0,Stormy,1,23
12002,CNB,4,11,0,Foggy,15,115
12003,NDLS,4,3,0,Stormy,20,0
12009,NDLS,2,9,0,Stormy,2,15
12009,CNB,6,10,0,Clear,3,46
12008,DDU,6,7,0,Clear,22,27
12009,LKO,4,6,0,Stormy,3,13
12008,CNB,1,11,0,Rainy,19,63
12001,CNB,2,8,0,Clear,5,2
120010,CNB,1,7,0,Rainy,7,39
12009,LKO,1,10,0,Rainy,20,35
12003,LKO,2,7,1,Clear,18,24
12005,LKO,1,10,0,Clear,4,15
120010,HWH,4,2,0,Foggy,0,141
12004,LKO,2,7,0,Stormy,0,15
12001,BSB,1,1,1,Clear,22,31
12006,LKO,6,9,1,Stormy,7,66
12005,BSB,6,11,0,Foggy,9,41
12008,LKO,4,11,0,Rainy,7,17
12007,DDU,4,8,0,Stormy,23,23
12005,DDU,4,8,0,Stormy,9,3
12001,HWH,6,10,0,Clear,21,17
12009,BSB,1,2,0,Clear,4,41
12009,PNBE,1,5,1,Clear,6,45
12002,BSB,0,8,0,Rainy,4,29
120010,HWH,2,11,0,Stormy,6,23
12006,NDLS,4,11,0,Rainy,5,33
12001,DDU,6,7,0,Clear,8,55
12006,HWH,5,10,0,Stormy,21,52
12005,DDU,3,2,0,Rainy,19,61
12002,LKO,3,8,0,Clear,23,0
12002,LKO,1,8,0,Foggy,6,101
12001,NDLS,2,8,0,Stormy,4,36
12005,DDU,3,11,0,Clear,11,1
12008,BSB,4,11,0,Clear,2,21
12006,BSB,5,9,1,Rainy,1,104
12005,BSB,1,10,0,Foggy,1,104
12003,BSB,6,11,0,Stormy,11,32
120010,PNBE,3,9,0,Stormy,1,18
12006,DDU,4,5,0,Rainy,19,33
12009,PNBE,6,9,0,Stormy,22,42
12007,PNBE,1,7,0,Foggy,3,87
12009,LKO,3,3,0,Foggy,2,68
12009,PNBE,4,2,0,Stormy,12,22
12009,CNB,4,10,0,Rainy,0,52
12006,LKO,1,10,1,Stormy,0,68
12007,HWH,4,3,0,Stormy,21,1
12001,PNBE,3,9,0,Clear,0,7
12008,NDLS,3,9,0,Stormy,17,7
12004,LKO,6,12,0,Clear,7,38
12006,LKO,1,6,0,Foggy,6,76
12007,BSB,2,12,0,Rainy,6,60
12005,DDU,3,6,1,Stormy,14,62
12003,HWH,2,1,0,Clear,8,23
12007,LKO,3,2,0,Stormy,0,5
12007,NDLS,2,9,0,Stormy,1,16
12003,CNB,1,7,0,Stormy,5,8
12002,PNBE,0,7,0,Rainy,5,53
12006,BSB,5,4,0,Stormy,12,24
12001,DDU,5,2,0,Clear,15,51
12008,DDU,5,1,0,Stormy,21,7
12008,CNB,6,7,0,Rainy,12,84
12009,DDU,6,6,0,Rainy,7,61
12002,NDLS,3,11,0,Stormy,11,41
12007,PNBE,4,5,1,Clear,5,58
12004,PNBE,2,2,0,Foggy,9,114
12009,DDU,1,2,0,Clear,3,26
12003,HWH,4,4,1,Rainy,5,49
12009,CNB,6,6,0,Stormy,8,7
12002,PNBE,5,3,0,Foggy,7,147
12004,LKO,3,8,0,Stormy,22,13
12005,BSB,1,1,0,Clear,4,20
12001,CNB,6,10,0,Foggy,15,146
12003,BSB,0,8,0,Rainy,5,42
12005,NDLS,2,11,0,Clear,3,0
12001,PNBE,6,1,0,Rainy,4,72
120010,LKO,2,11,0,Clear,2,0
12004,HWH,2,4,0,Foggy,0,87
12007,CNB,4,12,0,Foggy,1,59
12001,NDLS,2,7,0,Stormy,23,6
12006,DDU,6,10,0,Foggy,4,72
12009,CNB,4,3,0,Stormy,23,35
12006,CNB,4,11,0,Stormy,8,32
12009,LKO,4,4,0,Stormy,23,21
120010,DDU,3,2,0,Clear,18,0
12009,HWH,5,1,0,Stormy,6,38
12008,LKO,0,7,0,Stormy,10,1
12009,PNBE,2,10,0,Stormy,19,1
12008,CNB,5,11,0,Stormy,3,45
12002,PNBE,5,2,0,Rainy,18,42
120010,CNB,6,5,0,Stormy,19,26
12005,LKO,0,3,0,Stormy,18,29
12005,BSB,1,6,0,Foggy,19,117
12003,NDLS,1,11,0,Clear,5,36
12004,BSB,3,6,0,Rainy,15,58
12001,CNB,3,9,0,Foggy,9,77
12006,NDLS,1,10,0,Clear,10,15
12001,CNB,5,8,0,Stormy,9,34
12005,NDLS,2,9,0,Foggy,3,69
12007,LKO,6,12,1,Foggy,0,116
12008,BSB,4,5,0,Rainy,23,60
12002,CNB,5,5,0,Foggy,0,66
12008,HWH,0,9,0,Rainy,2,47
12005,LKO,2,7,0,Rainy,6,58
12006,DDU,4,2,0,Rainy,10,53
120010,NDLS,0,12,1,Stormy,12,75
12004,PNBE,0,2,0,Foggy,1,57
120010,NDLS,0,1,0,Clear,3,12
120010,HWH,1,12,0,Foggy,14,70
12002,NDLS,6,3,0,Stormy,19,46
12002,LKO,0,8,0,Foggy,4,109
12007,LKO,3,6,1,Clear,17,52
12006,LKO,1,8,0,Foggy,7,141
12005,HWH,5,2,0,Foggy,15,91
12005,NDLS,0,3,0,Foggy,16,101
12001,HWH,6,12,0,Stormy,23,36
12009,NDLS,0,7,0,Clear,21,8
12005,HWH,0,8,0,Rainy,15,36
12004,LKO,0,3,0,Clear,3,5
12006,LKO,6,8,0,Stormy,0,6
120010,PNBE,4,8,0,Stormy,22,23
12002,HWH,6,6,0,Stormy,21,42
12002,DDU,6,7,0,Clear,19,53
120010,PNBE,4,2,0,Stormy,8,31
120010,NDLS,1,3,0,Rainy,15,83
12006,HWH,2,7,1,Clear,20,72
12007,DDU,0,3,1,Stormy,7,55
12007,NDLS,2,7,0,Stormy,7,3
12006,CNB,4,4,0,Clear,10,7
12005,NDLS,5,1,0,Stormy,22,27
12007,DDU,1,11,0,Clear,2,0
12009,LKO,2,5,0,Clear,4,0
12005,LKO,5,3,0,Stormy,6,42
12009,BSB,0,9,1,Rainy,12,79
12002,DDU,5,11,0,Clear,0,41
12005,DDU,1,11,0,Foggy,4,105
12007,NDLS,3,5,0,Foggy,22,56
12003,DDU,6,10,0,Clear,15,14
12009,HWH,3,2,0,Rainy,22,17
12008,NDLS,4,1,0,Foggy,6,57
12004,DDU,1,1,1,Foggy,0,83
12006,HWH,6,4,0,Clear,11,17
12002,BSB,4,8,0,Foggy,2,51
12009,CNB,0,12,0,Rainy,19,18
12002,HWH,6,1,0,Rainy,5,26
12007,LKO,2,7,0,Stormy,22,7
12003,DDU,2,8,1,Stormy,15,43
12007,NDLS,1,1,0,Clear,9,7
12005,HWH,4,10,0,Clear,14,27
12009,LKO,1,1,0,Stormy,19,28
12007,PNBE,2,7,0,Stormy,1,22
12003,DDU,4,7,0,Stormy,0,3
12008,PNBE,1,6,0,Clear,4,17
12005,CNB,5,1,0,Stormy,23,16
12005,BSB,0,12,0,Stormy,22,0
12007,DDU,1,10,0,Stormy,4,9
12005,PNBE,3,6,0,Stormy,10,1
12005,LKO,2,10,0,Rainy,22,46
12004,LKO,5,8,0,Stormy,1,26
12002,PNBE,0,6,0,Stormy,6,32
12004,HWH,6,4,0,Rainy,17,46
12007,BSB,1,6,0,Clear,14,26
12007,LKO,3,5,0,Stormy,22,31
12007,PNBE,0,4,0,Rainy,3,31
12006,CNB,6,8,0,Rainy,19,83
12003,DDU,5,4,0,Foggy,0,90
12001,DDU,5,11,0,Stormy,13,48
120010,CNB,2,5,0,Rainy,11,44
12007,NDLS,0,4,0,Stormy,0,0
120010,HWH,0,7,1,Clear,18,58
12003,DDU,2,7,0,Clear,19,24
12008,PNBE,6,2,0,Stormy,12,38
12005,BSB,2,7,0,Rainy,21,39
12008,PNBE,5,12,0,Clear,12,39
12004,DDU,0,3,0,Rainy,15,45
12009,PNBE,6,7,0,Foggy,7,172
12002,DDU,1,12,0,Stormy,1,7
12004,PNBE,6,10,0,Foggy,14,81
12006,DDU,0,2,0,Rainy,22,17
12002,LKO,1,2,0,Clear,17,21
12009,DDU,2,12,0,Clear,6,29
12002,LKO,5,3,0,Stormy,8,11
120010,NDLS,2,4,0,Rainy,2,47
12008,BSB,0,7,0,Rainy,6,51
12007,BSB,5,5,0,Foggy,22,124
12003,DDU,6,2,0,Rainy,4,72
12009,LKO,4,5,0,Foggy,20,56
12003,PNBE,6,5,0,Clear,12,29
12006,CNB,5,1,0,Stormy,13,45
12001,CNB,6,11,0,Foggy,13,119
12004,LKO,1,12,0,Clear,3,1
12006,LKO,6,1,0,Foggy,21,73
12001,LKO,4,7,0,Clear,11,22
12008,HWH,6,12,0,Clear,7,34
12009,BSB,0,5,0,Clear,4,11
12001,BSB,5,7,0,Clear,10,31
12003,BSB,2,9,1,Clear,4,37
12008,HWH,4,4,0,Clear,2,20
12002,CNB,4,11,0,Rainy,23,2
12006,BSB,1,4,0,Stormy,16,38
120010,LKO,5,4,0,Foggy,17,95
12008,LKO,5,10,0,Rainy,20,49
12004,PNBE,3,11,1,Foggy,11,186
12007,NDLS,5,8,0,Rainy,21,88
12001,DDU,4,5,0,Rainy,11,38
12008,PNBE,2,10,1,Rainy,16,45
12001,CNB,3,9,0,Stormy,7,27
12007,BSB,0,8,0,Stormy,20,0
12002,DDU,3,1,0,Foggy,2,104
12005,NDLS,5,11,0,Rainy,15,73
120010,DDU,2,9,0,Foggy,0,93
12002,NDLS,0,2,0,Clear,12,42
12004,HWH,1,8,0,Clear,16,21
12007,PNBE,3,6,0,Stormy,3,9
12007,LKO,0,11,0,Rainy,12,34
12005,CNB,0,12,0,Clear,4,16
12003,HWH,5,12,0,Foggy,19,143
12008,NDLS,2,10,0,Rainy,12,51
12005,PNBE,1,10,1,Stormy,21,57
12006,BSB,1,7,0,Stormy,4,19
12004,HWH,1,7,0,Stormy,23,12
12007,CNB,5,8,0,Clear,21,24
12007,DDU,3,8,0,Rainy,9,65
12007,HWH,3,1,1,Stormy,2,28
12008,LKO,3,1,0,Rainy,23,59
12006,DDU,6,8,0,Rainy,20,54
12001,NDLS,4,12,0,Stormy,7,21
12003,LKO,2,1,0,Foggy,23,96
12004,PNBE,0,12,0,Stormy,14,0
120010,NDLS,4,2,0,Foggy,5,89
12003,DDU,3,6,1,Stormy,16,42
12004,NDLS,2,8,1,Foggy,8,136
12009,BSB,1,4,0,Foggy,13,137
12007,BSB,5,3,0,Foggy,22,174
12001,NDLS,1,2,0,Stormy,20,5
12005,DDU,2,4,0,Rainy,15,58
120010,PNBE,3,8,0,Clear,17,0
120010,PNBE,5,6,0,Clear,4,26
12001,LKO,3,1,0,Stormy,7,0
12009,NDLS,4,7,0,Stormy,11,19
120010,CNB,3,1,0,Clear,5,34
12002,LKO,2,11,0,Clear,13,18
12004,NDLS,2,8,0,Clear,15,29
12003,DDU,6,6,0,Foggy,20,176
12009,CNB,6,6,0,Foggy,21,54
12002,DDU,4,2,0,Foggy,12,122
12004,NDLS,2,4,0,Rainy,17,43
120010,CNB,4,3,1,Clear,17,64
12004,DDU,0,10,0,Stormy,15,17
12004,PNBE,4,2,0,Rainy,13,20
12009,BSB,1,1,1,Foggy,17,132
12004,NDLS,0,5,0,Clear,9,10
12008,NDLS,4,10,0,Rainy,16,32
120010,PNBE,5,3,1,Clear,11,87
12005,PNBE,0,11,0,Foggy,4,117
12009,CNB,1,11,0,Stormy,15,32
12004,CNB,1,6,1,Rainy,7,99
120010,CNB,4,2,0,Rainy,19,38
120010,BSB,2,6,0,Foggy,8,45
12008,PNBE,6,5,0,Foggy,16,90
12003,DDU,6,1,0,Stormy,18,28
120010,PNBE,5,1,0,Foggy,3,166
12001,PNBE,3,3,0,Stormy,14,12
12009,CNB,0,6,0,Foggy,16,38
12005,LKO,5,4,1,Stormy,4,105
12004,BSB,4,3,0,Stormy,5,24
12001,BSB,3,2,0,Foggy,21,87
12001,LKO,6,3,0,Foggy,22,119
12007,LKO,4,1,0,Foggy,19,89
12009,BSB,3,5,0,Stormy,22,15
12006,BSB,6,2,0,Stormy,14,35
12008,NDLS,6,10,0,Foggy,1,148
12005,HWH,4,8,0,Clear,9,10
12009,BSB,0,4,0,Clear,8,0
12006,PNBE,1,4,0,Stormy,11,16
12006,HWH,0,1,0,Clear,2,33
12003,CNB,6,12,0,Clear,18,28
12006,PNBE,0,1,0,Clear,11,14
12008,DDU,4,7,0,Clear,12,0
12007,LKO,0,3,0,Stormy,22,12
12003,LKO,2,5,0,Foggy,16,108
12004,CNB,4,3,0,Rainy,16,48
12001,NDLS,6,9,0,Rainy,16,55
12006,PNBE,0,4,0,Foggy,16,38
12007,CNB,1,4,0,Clear,20,15
12007,PNBE,6,5,0,Clear,16,20
12004,CNB,2,5,1,Foggy,20,102
12001,LKO,6,11,0,Stormy,13,34
12002,NDLS,1,4,0,Stormy,19,40
12002,HWH,1,12,0,Clear,8,15
120010,CNB,3,11,0,Clear,5,16
12001,NDLS,6,12,0,Stormy,14,28
12005,LKO,1,9,0,Clear,17,22
12001,LKO,2,6,0,Clear,9,22
12007,DDU,0,7,0,Rainy,7,51
12009,BSB,6,4,1,Clear,21,53
12003,HWH,5,10,0,Foggy,13,151
12001,CNB,2,2,0,Rainy,3,60
12002,DDU,1,6,0,Stormy,1,14
12007,BSB,2,3,0,Clear,22,12
12006,BSB,0,9,0,Foggy,22,120
12005,LKO,3,6,0,Clear,2,0
12006,DDU,5,4,0,Foggy,19,105
12002,BSB,5,5,0,Clear,22,13
12005,NDLS,0,12,0,Foggy,8,92
12001,DDU,0,12,0,Stormy,18,4
12008,HWH,0,7,0,Clear,13,22
12001,BSB,3,4,0,Rainy,20,34
12002,NDLS,3,5,0,Stormy,14,10
12007,LKO,2,7,0,Foggy,17,39
12009,BSB,3,4,0,Rainy,23,20
120010,HWH,2,6,0,Foggy,13,118
12004,DDU,4,5,0,Foggy,17,52
12009,DDU,3,12,0,Clear,11,35
12009,LKO,5,4,0,Stormy,7,42
12007,BSB,3,3,0,Stormy,23,10
12005,PNBE,4,8,0,Foggy,19,137
12008,CNB,0,3,0,Rainy,6,31
12007,BSB,0,3,1,Clear,20,74
12002,CNB,4,9,0,Rainy,5,47
12003,CNB,3,7,0,Stormy,19,17
12007,CNB,5,11,0,Foggy,13,106
12004,BSB,6,6,0,Rainy,22,61
12003,DDU,5,3,0,Clear,8,34
12003,PNBE,5,1,0,Foggy,23,91
12006,PNBE,2,7,0,Stormy,12,0
12003,DDU,2,2,0,Clear,23,15
12005,BSB,0,7,0,Foggy,0,105
12003,BSB,0,3,0,Rainy,16,34
12007,NDLS,2,5,0,Clear,15,0
12004,HWH,6,3,0,Stormy,21,29
12006,NDLS,1,7,0,Stormy,8,14
12002,BSB,4,7,0,Stormy,18,20
12004,PNBE,2,10,1,Clear,4,30
12007,LKO,3,4,0,Foggy,7,123
12007,BSB,2,5,0,Rainy,6,25
12001,LKO,6,5,0,Clear,8,41
12007,NDLS,3,5,0,Foggy,6,104
120010,HWH,2,7,0,Clear,15,34
12004,BSB,4,9,0,Rainy,4,66
12002,DDU,0,12,0,Rainy,15,28
12006,HWH,5,7,1,Foggy,5,172
12003,LKO,5,6,0,Stormy,7,55
12001,BSB,3,9,0,Rainy,20,34
12003,CNB,1,8,0,Clear,16,12
12007,HWH,2,1,0,Foggy,9,133
120010,NDLS,2,6,0,Clear,1,15
12002,LKO,6,11,0,Stormy,0,47
12005,CNB,1,12,0,Foggy,0,108
12003,DDU,6,12,0,Foggy,16,100
12003,NDLS,6,11,0,Stormy,13,48
12003,NDLS,2,5,0,Foggy,2,63
120010,NDLS,0,10,1,Clear,5,66
12009,CNB,0,6,0,Foggy,17,41
12007,NDLS,4,9,0,Rainy,23,51
12001,HWH,5,9,1,Clear,23,60
12005,NDLS,5,5,0,Foggy,23,108
12008,DDU,0,2,0,Rainy,16,46
12002,PNBE,2,9,0,Rainy,10,42
12007,BSB,4,12,0,Clear,5,21
12002,DDU,5,8,0,Clear,23,59
12002,HWH,0,1,1,Clear,4,42
12009,NDLS,6,11,0,Foggy,18,115
12002,NDLS,5,3,0,Foggy,4,132
12002,NDLS,1,11,0,Clear,4,11
12009,CNB,1,12,0,Clear,6,20
12008,BSB,4,10,0,Clear,14,26
12003,PNBE,0,8,0,Stormy,6,15
12002,LKO,6,3,0,Rainy,7,78
12005,CNB,4,5,1,Stormy,17,50
12003,LKO,4,1,0,Clear,9,19
12009,BSB,0,9,0,Rainy,10,44
12004,BSB,0,6,0,Stormy,16,17
12004,PNBE,4,7,0,Rainy,22,59
120010,NDLS,3,2,0,Rainy,8,72
12007,NDLS,6,10,1,Rainy,10,78
12008,CNB,2,7,0,Stormy,20,4
12001,LKO,5,10,0,Stormy,15,47
12001,HWH,4,3,0,Foggy,5,140
12007,DDU,4,11,0,Rainy,8,32
12001,PNBE,6,9,0,Stormy,4,38
12002,HWH,3,5,1,Stormy,15,78
12003,CNB,5,3,0,Stormy,9,52
12008,DDU,5,6,0,Clear,22,46
12005,DDU,2,10,1,Foggy,3,87
12009,DDU,5,7,0,Rainy,16,53
12003,HWH,1,7,0,Foggy,14,141
12007,CNB,5,9,0,Rainy,6,21
12004,BSB,5,3,1,Clear,20,49
12006,PNBE,5,5,0,Rainy,15,51
12005,NDLS,2,4,0,Rainy,18,42
12002,BSB,3,12,0,Rainy,3,44
12007,LKO,5,3,0,Foggy,2,133
120010,PNBE,1,1,0,Rainy,14,56
12008,LKO,3,5,0,Foggy,6,112
12005,NDLS,5,7,0,Stormy,6,24
12008,PNBE,6,3,0,Clear,12,20
12008,BSB,5,6,0,Clear,12,32
12008,HWH,6,3,0,Foggy,7,111
12007,HWH,5,7,0,Rainy,4,56
12006,NDLS,2,7,1,Rainy,10,64
12003,DDU,2,3,0,Foggy,21,91
12009,BSB,4,8,0,Rainy,10,27
12008,BSB,5,7,1,Clear,4,28
12007,HWH,0,8,1,Stormy,3,44
12001,CNB,1,12,0,Clear,4,22
120010,PNBE,6,3,0,Rainy,14,57
12006,HWH,1,12,0,Foggy,21,101
12007,LKO,6,7,0,Foggy,17,100
12004,CNB,5,3,0,Clear,9,58
12004,LKO,2,8,0,Clear,2,24
12009,BSB,5,12,0,Clear,7,21
12001,PNBE,6,12,0,Rainy,22,59
12005,NDLS,5,2,0,Foggy,23,75
12009,HWH,5,1,0,Clear,5,34
12001,NDLS,1,10,0,Foggy,14,110
120010,BSB,2,9,1,Rainy,12,46
12004,PNBE,3,9,0,Clear,23,8
12009,NDLS,3,4,0,Clear,21,6
12008,CNB,1,4,1,Foggy,15,121
12003,BSB,1,5,0,Foggy,0,49
12008,NDLS,1,3,0,Stormy,22,12
12004,HWH,6,3,0,Foggy,14,126
12003,NDLS,2,9,0,Foggy,15,98
12001,LKO,5,3,0,Stormy,12,30
12008,BSB,6,5,0,Foggy,1,76
12005,DDU,3,2,0,Rainy,8,31
12002,HWH,4,6,0,Clear,1,7
12003,BSB,1,7,1,Foggy,9,158
12005,BSB,2,7,0,Clear,11,22
12004,NDLS,4,9,0,Foggy,22,119
12003,CNB,5,10,0,Foggy,5,129
12007,HWH,1,9,0,Rainy,2,46
12006,PNBE,1,12,0,Stormy,21,12
12002,DDU,5,3,0,Foggy,7,101
12007,LKO,6,4,0,Clear,7,22
120010,HWH,3,3,0,Clear,6,9
12001,BSB,0,11,0,Foggy,4,102
12006,DDU,1,12,0,Foggy,10,46
120010,PNBE,3,11,0,Stormy,8,9
12003,HWH,4,1,0,Clear,20,0
12008,BSB,1,9,0,Rainy,12,26
120010,CNB,0,12,0,Foggy,2,79
12005,NDLS,6,11,0,Foggy,23,97
12002,LKO,6,7,0,Stormy,4,56
120010,DDU,5,1,1,Rainy,8,106
12006,DDU,0,2,0,Foggy,23,106
12002,BSB,6,9,0,Foggy,3,87
12007,DDU,2,5,0,Foggy,23,87
12008,PNBE,3,1,0,Clear,8,15
12001,CNB,2,6,0,Clear,6,0
120010,HWH,2,6,0,Clear,2,15
12004,CNB,4,12,0,Stormy,7,14
12004,HWH,0,11,0,Stormy,3,10
12008,DDU,2,7,0,Stormy,18,22
12001,BSB,0,8,0,Rainy,6,48
12007,DDU,4,7,0,Foggy,5,81
12007,DDU,6,5,1,Rainy,23,113
120010,HWH,0,3,0,Clear,20,15
12009,CNB,1,4,0,Stormy,8,18
12002,CNB,5,7,0,Clear,19,6
12007,NDLS,3,2,0,Clear,7,0
12004,BSB,4,8,0,Foggy,16,104
120010,HWH,0,4,0,Foggy,11,72
12008,LKO,5,3,0,Rainy,20,86
12003,BSB,2,10,1,Clear,3,66
12002,LKO,6,12,1,Foggy,7,153
12003,CNB,2,10,0,Rainy,6,22
12009,PNBE,5,8,1,Stormy,15,77
12006,HWH,6,2,0,Rainy,15,71
12001,LKO,2,5,0,Clear,3,22
12004,BSB,4,3,0,Foggy,11,118
12003,NDLS,5,2,0,Rainy,15,60
12002,NDLS,1,2,0,Rainy,9,28
12006,CNB,0,9,0,Rainy,23,34
12004,PNBE,6,8,1,Rainy,20,116
12009,NDLS,5,11,0,Clear,6,33
12004,LKO,1,8,0,Clear,7,0
12001,PNBE,3,4,0,Foggy,17,67
12006,BSB,0,2,1,Stormy,3,48
12007,CNB,0,11,0,Stormy,20,9
12009,CNB,2,5,0,Rainy,17,27
12004,DDU,2,4,0,Clear,15,24
12003,BSB,5,2,0,Rainy,18,38
12002,LKO,0,11,0,Foggy,12,83
12002,NDLS,6,6,0,Rainy,1,67
12006,HWH,3,9,0,Clear,19,3
12001,CNB,4,6,0,Foggy,6,78
12009,HWH,5,3,0,Foggy,13,130
12002,PNBE,2,10,0,Foggy,13,112
12005,LKO,3,6,0,Clear,4,1
12008,CNB,3,4,0,Foggy,10,115
12007,PNBE,6,7,0,Stormy,5,34
12005,LKO,3,10,0,Foggy,23,79
12004,BSB,2,9,0,Clear,0,23
12007,BSB,6,12,0,Stormy,13,48
12006,DDU,0,7,0,Stormy,16,27
12008,DDU,6,3,0,Rainy,1,42
12005,NDLS,1,4,1,Foggy,2,157
12005,PNBE,4,8,0,Foggy,19,123
12001,BSB,1,3,0,Foggy,5,105
120010,BSB,4,4,0,Rainy,14,9
12003,HWH,0,4,0,Foggy,1,91
12006,HWH,0,12,0,Rainy,1,35
12006,DDU,3,8,0,Foggy,6,46
12001,NDLS,3,7,0,Foggy,13,98
120010,LKO,1,11,0,Stormy,7,13
12003,LKO,6,10,0,Foggy,10,78
12001,NDLS,2,6,0,Clear,23,34
12003,CNB,0,9,0,Clear,16,11
12007,CNB,4,9,0,Foggy,12,111
12001,BSB,3,1,0,Clear,22,12
12004,NDLS,0,11,0,Clear,20,33
12006,BSB,5,11,1,Rainy,23,109
12003,CNB,6,5,0,Rainy,13,88
120010,DDU,2,5,0,Rainy,3,23
12006,LKO,2,10,0,Stormy,20,20
12005,HWH,1,3,0,Stormy,14,31
12002,BSB,3,10,0,Rainy,7,56
12006,LKO,5,11,0,Stormy,19,37
12009,HWH,4,11,0,Stormy,13,14
12006,PNBE,1,8,0,Stormy,22,0
12009,BSB,0,2,0,Foggy,23,86
12001,DDU,0,5,0,Stormy,2,6
12008,BSB,4,10,0,Foggy,12,129
12008,BSB,0,5,0,Stormy,9,29
12004,DDU,4,4,0,Stormy,10,35
12008,NDLS,3,11,1,Foggy,11,104
12003,HWH,4,4,0,Foggy,15,103
12002,LKO,2,6,0,Clear,10,11
12007,NDLS,2,11,0,Rainy,0,48
12008,CNB,4,3,0,Foggy,16,120
12001,LKO,1,6,0,Stormy,13,0
12008,LKO,1,1,0,Clear,8,38
12001,PNBE,2,11,0,Foggy,19,71
120010,LKO,6,10,0,Rainy,10,46
12002,DDU,4,12,0,Foggy,12,49
12002,HWH,2,9,0,Rainy,12,38
12001,HWH,0,4,0,Clear,21,0
12003,PNBE,2,11,0,Rainy,11,48
12004,BSB,3,8,0,Rainy,12,33
12004,CNB,0,2,0,Clear,23,2
12008,BSB,1,7,0,Foggy,3,55
12006,DDU,4,11,0,Foggy,20,72
12009,CNB,2,5,0,Rainy,19,26
12002,HWH,6,8,0,Clear,19,41
12002,HWH,2,12,0,Rainy,2,49
12003,LKO,4,12,0,Foggy,21,117
12005,PNBE,5,2,0,Clear,20,39
12002,PNBE,3,7,0,Rainy,4,56
12005,CNB,6,12,0,Foggy,8,166
12005,LKO,1,2,0,Stormy,21,19
12004,HWH,1,4,0,Stormy,7,25
12005,HWH,0,3,0,Clear,19,4
12005,BSB,3,6,0,Stormy,9,8
12007,PNBE,3,7,0,Rainy,1,50
12002,PNBE,3,7,0,Foggy,18,72
12004,HWH,2,8,0,Rainy,11,19
12009,CNB,0,2,0,Clear,21,0
12008,LKO,1,8,1,Foggy,19,101
12007,BSB,4,4,0,Rainy,6,33
12002,HWH,0,1,0,Rainy,2,38
12006,BSB,2,10,1,Clear,0,80
12009,NDLS,2,1,0,Clear,14,20
12005,CNB,3,4,1,Rainy,16,83
12005,NDLS,2,7,0,Rainy,11,29
12007,DDU,5,3,0,Rainy,21,39
12002,NDLS,3,9,0,Stormy,11,11
12004,HWH,5,2,0,Clear,17,31
120010,CNB,5,11,0,Stormy,0,52
12005,HWH,5,5,0,Rainy,11,36
12009,DDU,2,7,0,Stormy,13,22
12009,PNBE,4,7,0,Stormy,23,1
12001,CNB,1,3,0,Clear,3,2
12007,CNB,6,6,0,Foggy,0,127
12007,HWH,6,9,0,Rainy,19,57
12006,BSB,5,1,0,Stormy,13,30
12004,BSB,3,8,0,Rainy,12,26
12005,NDLS,5,8,0,Clear,20,29
12006,CNB,1,10,0,Clear,7,8
12002,PNBE,2,12,1,Clear,22,81
120010,BSB,3,1,0,Stormy,14,0
12009,LKO,5,6,0,Clear,1,17
120010,BSB,0,12,0,Rainy,15,54
12007,BSB,5,2,0,Foggy,8,74
12004,LKO,0,8,0,Clear,20,0
120010,CNB,6,1,0,Rainy,0,54
12003,HWH,3,5,1,Foggy,6,149
12008,LKO,4,9,0,Clear,2,15
12004,CNB,2,7,0,Clear,1,29
12006,DDU,1,11,0,Clear,9,7
12008,LKO,2,4,1,Foggy,14,142
12004,PNBE,0,5,0,Foggy,3,133
120010,CNB,6,9,0,Stormy,19,44
12008,NDLS,5,7,0,Rainy,6,18
12001,NDLS,2,4,0,Stormy,11,8
12001,LKO,5,12,0,Rainy,15,63
12006,BSB,1,2,0,Foggy,1,103
12007,BSB,0,7,1,Foggy,21,175
12004,PNBE,4,12,0,Foggy,3,47
12004,DDU,0,1,0,Foggy,3,79
12001,CNB,0,8,0,Foggy,6,59
12005,DDU,3,8,0,Rainy,7,33
12002,HWH,3,2,0,Clear,15,15
12007,CNB,2,10,0,Rainy,9,31
12001,NDLS,5,3,0,Rainy,13,50
12004,PNBE,2,8,1,Rainy,20,72
12001,DDU,6,10,0,Foggy,20,143
12006,NDLS,3,10,0,Clear,6,11
12007,HWH,0,6,0,Stormy,6,0
12008,HWH,5,10,0,Rainy,20,47
12003,NDLS,1,7,0,Foggy,5,79
12008,CNB,1,8,0,Rainy,0,34
12009,DDU,1,10,0,Stormy,18,0
12003,PNBE,5,11,0,Clear,10,19
12005,CNB,1,12,0,Foggy,16,156
12009,LKO,5,11,0,Foggy,15,92
12006,NDLS,2,8,1,Rainy,21,64
12008,HWH,2,8,0,Foggy,15,85
12006,PNBE,0,7,0,Stormy,14,12
12003,NDLS,6,5,0,Stormy,23,49
12002,PNBE,2,12,0,Foggy,19,120
120010,HWH,4,5,0,Rainy,15,47
12003,CNB,0,9,0,Foggy,7,65
120010,BSB,3,7,0,Stormy,17,20
12003,DDU,2,6,0,Foggy,19,148
120010,CNB,1,1,0,Foggy,6,46
12005,PNBE,2,12,0,Clear,4,7
12002,NDLS,6,10,1,Clear,1,43
12001,HWH,3,8,0,Foggy,19,57
12001,PNBE,3,4,0,Clear,6,35
12001,LKO,0,11,0,Foggy,17,155
12005,CNB,1,12,0,Clear,19,9
120010,PNBE,5,8,0,Rainy,4,59
12008,NDLS,4,1,0,Foggy,23,110
12006,DDU,5,7,0,Clear,6,48
12001,LKO,3,5,0,Clear,13,8
12007,CNB,3,3,0,Stormy,14,6
12004,NDLS,1,12,0,Stormy,15,0
12001,DDU,1,9,0,Rainy,6,44
12009,PNBE,3,10,0,Clear,2,22
12005,DDU,1,6,0,Clear,2,7
12001,DDU,6,10,0,Foggy,21,130
12007,NDLS,6,12,0,Stormy,11,4
12005,NDLS,0,5,0,Stormy,1,27
12005,BSB,4,12,0,Foggy,20,72
12002,LKO,4,2,1,Foggy,7,84
12005,HWH,4,8,0,Clear,10,6
12002,HWH,6,10,0,Foggy,1,100
12008,BSB,5,11,0,Rainy,10,74
12001,CNB,0,12,0,Stormy,3,7
12006,NDLS,4,2,0,Rainy,14,33
12007,NDLS,1,6,0,Stormy,0,26
12001,CNB,1,1,0,Foggy,16,63
12008,BSB,3,8,1,Stormy,14,40
12007,NDLS,4,3,0,Stormy,6,14
120010,LKO,5,8,0,Rainy,16,82
12003,HWH,0,7,0,Rainy,21,13
12003,NDLS,0,9,0,Rainy,13,39
12002,PNBE,0,7,0,Foggy,12,91
12001,LKO,0,4,0,Foggy,20,86
12005,HWH,1,5,0,Rainy,7,38
12005,HWH,4,9,0,Rainy,5,38
12004,NDLS,5,8,0,Rainy,1,41
12004,DDU,0,6,0,Foggy,8,57
12009,PNBE,4,11,0,Clear,17,8
12002,CNB,6,3,0,Stormy,15,56
12005,CNB,3,1,0,Clear,6,19
120010,BSB,2,6,1,Rainy,2,84
12001,NDLS,4,1,0,Rainy,9,41
12001,NDLS,4,6,1,Stormy,6,33
12008,BSB,2,6,0,Rainy,11,26
12007,HWH,0,1,0,Clear,6,0
12008,NDLS,6,4,0,Foggy,14,148
12001,BSB,6,4,0,Stormy,2,44
12007,NDLS,2,12,0,Rainy,13,40
12009,PNBE,3,12,0,Stormy,21,28
12008,BSB,4,11,0,Foggy,2,72
12003,CNB,2,4,0,Foggy,23,147
12002,DDU,6,6,0,Foggy,9,154
12001,CNB,5,1,0,Clear,4,42
12002,NDLS,1,10,0,Rainy,17,31
12003,BSB,6,4,0,Stormy,21,31
12002,DDU,2,10,0,Clear,6,13
12002,NDLS,3,9,1,Rainy,20,85
12001,BSB,5,1,0,Foggy,11,94
12005,LKO,5,8,0,Rainy,8,58
12005,PNBE,3,11,0,Stormy,5,11
120010,CNB,6,4,0,Rainy,12,57
12009,CNB,3,6,0,Rainy,9,45
12003,BSB,6,11,0,Rainy,9,77
12003,NDLS,6,7,0,Rainy,4,44
12002,DDU,5,11,0,Clear,4,52
12005,PNBE,2,2,0,Clear,15,30
12005,DDU,6,12,0,Rainy,1,74
12009,CNB,4,8,0,Foggy,1,123
12006,CNB,4,1,0,Stormy,12,6
12001,NDLS,0,3,0,Foggy,16,100
12008,LKO,5,10,0,Stormy,12,33
12008,HWH,1,5,0,Stormy,16,25
12001,HWH,6,7,0,Clear,16,36
12008,CNB,6,6,0,Clear,3,13
12003,NDLS,4,5,0,Stormy,13,16
12002,BSB,5,1,0,Clear,17,33
12003,HWH,5,10,0,Stormy,4,27
12008,HWH,4,5,1,Foggy,18,96
120010,BSB,6,2,0,Clear,2,53
12002,PNBE,1,9,0,Clear,6,31
12005,DDU,6,7,0,Rainy,14,61
12004,LKO,1,11,1,Rainy,9,46
120010,DDU,2,4,0,Rainy,2,0
12007,DDU,2,12,0,Stormy,9,25
12006,CNB,6,8,0,Foggy,12,153
12009,HWH,6,5,0,Clear,20,29
12001,BSB,6,12,0,Clear,8,62
12003,DDU,1,11,0,Foggy,11,98
12001,PNBE,3,11,0,Stormy,2,33
12008,HWH,6,8,0,Rainy,6,49
120010,NDLS,6,9,0,Stormy,4,36
12002,BSB,0,6,0,Clear,12,0
12001,CNB,2,4,0,Clear,4,31
12002,BSB,1,5,0,Stormy,13,27
12004,BSB,0,4,0,Rainy,6,46
12006,BSB,2,11,1,Stormy,8,40
12004,DDU,5,9,0,Rainy,8,43
12001,DDU,6,12,0,Rainy,20,41
12004,DDU,2,6,0,Foggy,0,108
12006,NDLS,4,1,0,Clear,22,16
12003,BSB,5,9,1,Foggy,22,209
120010,HWH,6,6,0,Rainy,19,78
12003,PNBE,6,5,0,Clear,8,44
12004,BSB,0,4,0,Rainy,20,48
12004,PNBE,6,11,0,Rainy,15,56
12005,CNB,6,3,0,Foggy,14,108
12004,PNBE,6,4,0,Clear,22,50
12007,BSB,4,10,0,Clear,11,21
12009,LKO,5,11,0,Rainy,1,58
12008,HWH,2,1,0,Foggy,0,127
12004,NDLS,3,12,0,Foggy,6,51
12009,BSB,3,4,0,Stormy,21,5
12003,NDLS,0,12,0,Stormy,7,5
12002,HWH,6,11,0,Rainy,0,54
12009,NDLS,2,12,0,Foggy,15,128
12005,NDLS,1,10,0,Clear,20,22
120010,HWH,4,5,0,Foggy,11,95
12002,PNBE,2,7,0,Clear,18,0
12002,HWH,6,12,0,Foggy,16,137
12002,NDLS,6,6,0,Clear,11,13
12008,BSB,3,10,1,Foggy,1,155
12003,BSB,3,1,0,Stormy,4,12
12008,HWH,6,6,0,Rainy,14,51
12008,PNBE,4,9,0,Stormy,15,14
12001,LKO,6,1,0,Foggy,8,120
12006,BSB,4,2,0,Rainy,2,37
12008,NDLS,5,5,0,Stormy,1,19
12005,BSB,4,6,0,Clear,11,20
12008,CNB,6,6,0,Clear,12,21
12003,CNB,4,6,0,Stormy,5,9
12004,DDU,6,1,0,Stormy,20,30
12006,HWH,6,8,0,Stormy,15,45
12002,HWH,2,9,0,Clear,11,15
12005,LKO,1,7,1,Rainy,23,64
12005,BSB,1,12,0,Clear,16,28
12004,PNBE,0,8,0,Clear,5,0
12009,NDLS,4,4,0,Stormy,5,0
12009,HWH,1,2,0,Clear,5,5
12007,PNBE,0,6,0,Stormy,7,25
12003,LKO,2,2,0,Foggy,17,122
120010,DDU,5,5,0,Clear,18,51
12003,BSB,6,12,0,Clear,21,51
12004,NDLS,6,1,0,Foggy,13,102
12002,NDLS,6,10,1,Foggy,12,111
12009,NDLS,4,3,0,Stormy,9,36
12002,CNB,0,9,0,Rainy,21,53
12009,HWH,3,11,0,Clear,12,4
12009,HWH,4,2,0,Clear,18,12
12001,LKO,2,8,0,Rainy,1,14
12001,CNB,4,6,0,Foggy,8,93
120010,HWH,2,6,0,Clear,4,36
12005,CNB,2,7,0,Clear,8,6
12003,PNBE,2,10,0,Foggy,2,118
12001,HWH,5,5,0,Foggy,16,85
12003,DDU,2,6,0,Clear,11,25
12005,BSB,4,5,0,Rainy,6,47
12009,PNBE,4,2,0,Foggy,8,97
12008,BSB,5,2,0,Stormy,21,26
12008,LKO,3,4,0,Stormy,23,10
120010,DDU,3,3,0,Stormy,18,4
12008,NDLS,1,2,0,Stormy,22,6
12001,LKO,2,1,0,Stormy,0,14
12005,NDLS,6,1,0,Stormy,4,65
12009,HWH,5,12,0,Stormy,11,48
12006,PNBE,0,4,0,Rainy,3,52
12008,BSB,1,10,1,Rainy,16,86
12006,NDLS,2,1,1,Foggy,8,66
12006,HWH,5,11,0,Foggy,0,140
12005,PNBE,0,11,0,Stormy,8,2
120010,HWH,0,11,0,Foggy,16,134
12004,PNBE,0,6,1,Clear,8,53
12007,LKO,6,5,1,Clear,5,112
12004,LKO,2,7,0,Clear,13,24
12007,HWH,6,5,0,Rainy,19,68
12002,CNB,6,3,0,Rainy,16,66
12009,HWH,5,10,1,Stormy,11,60
12006,CNB,0,3,0,Rainy,2,34
12004,BSB,6,10,0,Clear,16,18
12005,LKO,2,11,0,Rainy,15,50
12009,HWH,0,1,0,Stormy,19,31
12009,LKO,2,6,0,Foggy,15,71
12004,DDU,2,8,0,Rainy,19,51
12008,BSB,2,6,1,Clear,4,59
12002,BSB,2,7,0,Foggy,14,95
12005,CNB,5,6,0,Stormy,13,22
12006,NDLS,0,7,0,Clear,3,40
12009,NDLS,4,11,1,Foggy,10,121
12007,HWH,0,10,0,Clear,15,45
12009,LKO,6,9,0,Stormy,14,15
12004,PNBE,5,12,0,Clear,0,28
12005,LKO,6,5,1,Foggy,2,196
120010,NDLS,0,7,0,Stormy,3,4
12007,PNBE,0,10,0,Stormy,15,40
12004,CNB,1,2,0,Stormy,18,25
12007,NDLS,0,10,0,Clear,8,3
12004,HWH,1,1,0,Rainy,15,34
120010,NDLS,1,10,1,Stormy,12,54
12004,HWH,5,7,0,Stormy,18,55
12008,LKO,2,2,0,Clear,5,3
12009,DDU,5,12,0,Rainy,12,65
12004,CNB,3,2,0,Stormy,19,0
12005,NDLS,6,11,0,Rainy,15,37
120010,NDLS,1,1,1,Foggy,5,110
12002,NDLS,4,5,0,Clear,13,8
12002,LKO,6,7,0,Clear,8,47
